fid,%canopy,NO2_mean,NO2_stdev,LST_mean,LST_stdev,NDVImean,Road%,Imp%,BD,CTUID,Density,Borough,Income,road distance (meters),river distance (meters),nearest_L,nearest_M,petrochem_distance,Distance_M,GS%,Lat,Long,Imp2,Man_GS
1,0,3.17E-05,0.00E+00,38.57,0.29,-0.16,0,100,95.05,4620415.06,427.7,Saint-Laurent,76204,343.94,4820.69,25,25,18758.93,1237.444546,0,-406699.3507,179516.9367,4.95,4020.39
2,1.1,3.06E-05,6.78E-21,38.4,0.28,-0.13,6.07,95.2,40.9,4620415.06,427.7,Saint-Laurent,76204,270.69,5229.31,25,25,18903.83,1413.417913,0,-406491.6573,179137.443,54.3,4009.57
3,0,2.10E-05,0.00E+00,35.97,0.14,-0.04,0,100.01,1.7,4620383.02,5327.6,Côte-Saint-Luc,44361,1498.47,4769.63,15,15,18684,665.0789906,0,-404889.9618,178153.3369,98.31,5052.25
4,13.56,2.10E-05,0.00E+00,35.39,0.54,0,5.64,42.8,34.23,4620383.02,5327.6,Côte-Saint-Luc,44361,1855.57,5027.78,15,15,18224.59,319.9732411,0.37932801,-404161.2972,178209.3896,8.57,652.5
5,11.98,2.10E-05,0.00E+00,34.63,0.27,0,11.64,49.29,30.66,4620383.02,5327.6,Côte-Saint-Luc,44361,1827.18,5312.89,15,15,17899.22,100.3034834,2.023312512,-403900.8236,178427.157,18.63,294.89
6,9.61,2.10E-05,0.00E+00,34.66,0.09,0.08,8.91,66.18,5.65,4620382.01/4620380,6666.1,Côte-Saint-Luc,48717.31,2026.21,4954.71,15,15,18092.41,176.2542124,5.523855363,-403235.4667,177766.5328,60.53,370.44
7,22.93,3.16E-05,0.00E+00,32.26,0.63,0.02,14.44,38.78,20.77,4620317.04,5031.7,Verdun,59107,963.66,621.82,5,5,17108.29,0,23.20910616,-394983.8695,175594.432,18.01,16.98
8,26.88,3.16E-05,0.00E+00,33.3,0.41,0.06,11.81,47.42,8.67,4620317.02/4620317.04,5031.7,Verdun,53821.67,381.39,457.34,5,5,16490.47,0,9.913941317,-394572.1506,176160.0187,38.75,0
9,39.64,2.91E-05,0.00E+00,33.04,0.27,0.18,8.41,28.26,4.1,4620068,12743.6,Le Sud-Ouest,24041,133.98,1933.54,5,15,14181.61,0,9.351561425,-396734.0808,178998.7881,24.16,0
10,0.44,2.10E-05,0.00E+00,39.24,0.52,-0.18,0,100,75.15,4620112.01,8481.7,Côte-des-Neiges-Nôtre-Dame-de-Grâce,35271,93.48,6186.55,10,10,15478.89,350.7567952,0,-402404.9546,180341.6249,24.85,649.47
11,25.22,2.10E-05,0.00E+00,34.31,0.39,0.15,6.89,32.92,4.69,4620122,9900.9,Côte-des-Neiges-Nôtre-Dame-de-Grâce,20712,168.97,6228.2,5,5,14386.86,0,17.95193033,-401155.4168,180833.2834,28.23,0
12,16.73,2.83E-05,1.06E-06,32.82,0.79,0.01,0.84,76.86,68.21,4620125,13184.8,Côte-des-Neiges-Nôtre-Dame-de-Grâce,44718,978.83,5330.84,10,5,13083.71,0,8.489099974,-400113.6219,181704.4532,8.65,704.69
13,8.36,2.85E-05,3.39E-21,32.74,0.96,-0.2,0,87.62,63.48,4620126,3399,Côte-des-Neiges-Nôtre-Dame-de-Grâce,34078,987.12,4666.33,5,5,13466.59,435.2048007,0,-399578.505,180934.9387,24.14,2112.16
14,14.84,3.11E-05,0.00E+00,33.55,0.45,0.24,0,18.62,1.12,4620400,3794.3,Mont-Royal,72985,509.88,4443.81,5,5,12655.88,0,10.79690328,-401324.578,183015.1754,17.5,0
15,1.11,3.05E-05,3.39E-21,39.31,0.29,-0.14,0,98.29,51.47,4620402,691.6,Mont-Royal,59971,171.38,5573.98,25,20,16990.12,785.2406052,0,-404601.4163,180053.9746,46.82,1922.78
16,0.67,2.23E-05,6.78E-21,40.05,0.42,-0.19,4.61,98.87,66.42,4620402,691.6,Mont-Royal,59971,685.42,6034.02,25,20,16770.1,1022.070348,0,-404013.5624,179881.692,32.45,1380.64
17,11.84,3.02E-05,0.00E+00,35.45,0.17,-0.01,21.32,41.73,14.55,4620261/4620260,4309.8,Villeray-Saint-Michel-Parc-Extension,39607.88,246.94,2168.66,10,5,7747.37,39.03179376,3.956612843,-400328.9708,188826.6902,27.18,191.77
18,3.35,3.02E-05,0.00E+00,38.21,0.46,-0.18,0.77,98.08,70.16,4620256,2049.7,Villeray-Saint-Michel-Parc-Extension,33595,251.51,3853.46,10,10,7910.7,105.284453,8.604781148,-399248.3759,187406.939,27.92,669.49
19,5.88,2.65E-05,0.00E+00,34.29,0.49,-0.12,0,84.87,58.26,4620480,633.9,Baie-d'Urfé,85722,270.44,1462.95,20,20,34649.11,778.7121224,0,-422752.7243,173954.9442,26.61,6417.73
20,0,3.93E-05,2.03E-20,39.12,0.95,-0.19,0,100.01,99.83,4620009,813.8,Mercier-Hochelaga-Maisonneuve,38773,313.34,913.28,20,10,4259.23,496.8074711,0,-392301.1195,188239.1766,0.18,1703.55
21,0,2.97E-05,3.39E-21,34.39,0.83,-0.26,0,100.03,80.57,4620014.02,0,Mercier-Hochelaga-Maisonneuve,NA,126.69,2137.77,5,5,6349.31,89.13795862,3.749793619,-394503.9532,186506.9681,19.46,517.8
22,0.46,2.91E-05,0.00E+00,36,0.42,-0.23,3.37,97.29,80.82,4620021,6523,Mercier-Hochelaga-Maisonneuve,26430,70.64,175.4,10,10,7361.36,290.5717019,0.141562409,-393053.6438,185175.2326,16.47,455.31
23,0,3.96E-05,0.00E+00,39.89,0.57,-0.21,0,100.01,85.99,4620191,3647.6,Mercier-Hochelaga-Maisonneuve,38538,176.45,2685.53,15,15,2445.09,157.6964975,2.153212375,-393448.8021,190266.7119,14.02,764.49
24,0,3.96E-05,0.00E+00,34.92,0.34,-0.15,0,99.99,10.86,4620570,314.5,Montréal-Est,38802,1449.98,1839.93,20,20,0,1526.551918,0,-391654.7348,194202.3998,89.13,2229.29
25,0.25,2.91E-05,0.00E+00,35.08,0.45,-0.25,10.58,92.87,76.78,4620054/4620058,9342.2,Ville-Marie,24522.72,68.22,620.58,25,10,11460,172.9131901,5.990046356,-395196.3523,181391.2644,16.09,365.64
26,21.84,2.91E-05,0.00E+00,36.03,0.49,-0.07,4.46,96.78,90.96,4620055.01,6500,Ville-Marie,56918,283.56,234.92,25,10,12272.84,327.0078832,0.765992929,-395150.4215,180544.5378,5.82,514.19
27,17.7,2.95E-05,2.92E-07,33.34,1,0.06,21.54,61.43,5.74,4620174/4620173,9091.3,Le Plateau-Mont-Royal,41599.39,463.75,3735.37,5,5,9936.38,0,26.46814492,-397628.9379,183893.0617,55.69,0
28,1.02,3.78E-05,0.00E+00,37.34,0.75,-0.16,0.94,99.03,69.79,4620594.02/4620290.02,938.3,Rivière-des-Prairies-Pointes-aux-Trembles,47728.35,78.44,2317.83,5,5,1961.59,15.98664315,34.18215856,-395451.8528,194898.3939,29.24,277.8
29,5.84,3.02E-05,0.00E+00,34.74,0.2,-0.13,3.88,83.8,59.62,4620201,7588.5,Rosemont-La-Petite-Patrie,27428,310.64,4140.62,10,5,7233.29,52.376764,15.86865938,-396907.7986,186598.5015,24.18,215.33
30,9.64,3.02E-05,0.00E+00,32.87,0.7,0.25,7.28,23,0,4620605.01/4620605.03,2585.2,Saint-Léonard,38779.17,728.08,4168.85,5,5,4335.5,0,21.50935527,-397288.3746,190484.8593,23,0
31,54.82,2.91E-05,0.00E+00,28.61,0.33,0.24,2.67,31.46,2.85,4620360,1349,Outremont,139132,1085.3,3769.67,5,5,12541.55,190.9093333,4.185000613,-398568.3685,181447.7704,28.61,637.65
32,42.74,2.65E-05,0.00E+00,29.56,0.18,0.17,7.81,22.18,14.37,4620460,1492.1,Beaconsfield,94151,688.44,379.57,10,5,30562.51,87.68154135,3.531188999,-417683.0747,173987.5503,7.81,127.39
33,4.55,2.21E-05,0.00E+00,34.48,0.26,-0.02,42.05,67.04,3.55,4620616/4620618,8757.1,Montréal-Nord,34176.29,5.34,249.46,5,5,7428.73,83.60472259,8.627439843,-401194.8666,191311.2078,63.49,196.81
34,0,3.95E-05,6.78E-21,42.35,0.71,-0.22,0,100,95.2,4620593.01,4880.1,Anjou,39660,164.94,4358.82,15,15,2275.93,254.3034159,0.50394237,-395159.329,191380.7367,4.8,1779.95
35,0.03,2.23E-05,6.78E-21,40.53,0.79,-0.17,0,100.02,96.91,4620402,691.6,Mont-Royal,59971,466.98,5752.99,10,10,16298.63,752.178238,0,-403851.6702,180348.9362,3.11,832.94
36,44.39,2.39E-05,2.54E-06,26.5,0.46,0.42,0,1.14,1.14,4620491,257.9,Saint-Anne-de-Bellevue,86211,1110.19,1789.4,25,25,37108.81,672.4987077,0,-426072.5003,174610.2866,0,2115.14
37,46.27,2.03E-05,1.30E-06,31.18,1.71,0.03,0,58.8,22.76,4620500,122.4,Senneville,70925,121.7,280.36,20,20,38979.27,371.2328356,0,-427614.8611,173543.2627,36.04,469.11
38,20.72,2.65E-05,0.00E+00,31.26,1.47,0.02,2.38,73.09,44.6,4620491,257.9,Saint-Anne-de-Bellevue,86211,273.74,2184.28,20,20,35632.67,275.1604738,0.131250621,-424167.925,174321.0929,28.49,723.97
39,9.22,1.95E-05,0.00E+00,32.81,0.33,-0.04,17.09,56.87,24.01,4620490,3530.8,Saint-Anne-de-Bellevue,40215,169.9,164.07,20,20,39359.16,176.9071576,4.165651187,-427143.5201,172056.9643,32.86,293.25
40,37.11,2.92E-05,0.00E+00,31.05,0.35,0.17,0,3.92,3.92,4620550.02,242.5,L'Île-Bizard-Sainte-Geneviève,60868,1985.49,1313.2,20,20,31807.05,1092.171895,0,-423138.3673,180489.8344,0,1598.37
41,9.96,2.92E-05,0.00E+00,29.94,0.61,0.15,0,21.88,9.01,4620550.02,242.5,L'Île-Bizard-Sainte-Geneviève,60868,1128.06,1304.64,20,20,30609.57,914.1075774,0,-422215.8439,181371.2152,12.87,1438.99
42,22.84,2.75E-05,1.02E-20,33.69,0.46,0.08,17.95,37.46,16.32,4620453.02,744,Pointe-Claire,66088,608.75,3069.88,5,5,28029.09,46.63326025,4.945175846,-417453.6699,177939.7662,21.14,228.4
43,79.52,2.75E-05,0.00E+00,28.56,1.01,0.34,1.01,4.61,3.57,4620520.03,2470.4,Dollard-des-Ormeaux,55225,397.85,1779.11,5,5,22410.37,0,46.30580383,-412401.8649,180502.4627,1.04,0
44,0,2.71E-05,3.39E-21,35.82,0.23,0.03,0,3.46,3.46,4620433,233,Dorval,52476,1116.45,3128.39,30,30,22337.72,2156.078352,0,-409772.459,177501.1861,0,11680.23
45,5.14,2.75E-05,0.00E+00,40.82,0.88,-0.18,0,64.85,50.45,4620433,233,Dorval,52476,683.98,3405.78,30,30,21907.42,2495.269799,0,-409501.394,177838.3737,14.4,9112.93
46,0,2.21E-05,1.02E-20,38.43,0.56,-0.17,0,99.98,97.85,4620610.01,4856.5,Montréal-Nord,32262,310.75,1920.71,15,15,4213.22,720.4500912,0,-398263.4414,193099.4294,2.13,1088.99
47,0,3.96E-05,0.00E+00,40.93,1.13,-0.21,0,99.99,99.99,4620009,813.8,Mercier-Hochelaga-Maisonneuve,38773,155.3,1115.23,15,10,3044.94,508.859067,0,-391706.616,189511.1808,0,2183.15
48,0,3.05E-05,3.39E-21,39.28,0.25,-0.21,0,100.02,96.1,4620402,691.6,Mont-Royal,59971,176.76,5527.54,25,20,16657.86,757.935271,0,-404340.9462,180271.7465,3.92,2154.46
49,0.03,2.91E-05,0.00E+00,39.72,0.51,-0.28,45.12,99.98,96.1,4620056,5381.4,Ville-Marie,34325,10.64,609.42,10,10,12208.89,325.1472906,1.295590524,-395498.9191,180695.6322,3.88,988.64
50,0,3.78E-05,0.00E+00,40.34,0.73,-0.22,0,99.12,94.97,4620291.03,765.6,Rivière-des-Prairies-Pointes-aux-Trembles,68245,394.47,899.79,30,30,2117.74,703.4328342,0,-391982.7146,198686.6547,4.15,1952.6
51,0,3.38E-05,0.00E+00,38.35,1.25,-0.16,0,99.34,99.24,4620580.02,4025.1,Rivière-des-Prairies-Pointes-aux-Trembles,48315,310.33,640.43,NA,20,4832.09,238.7726286,1.146475583,-389171.5825,200486.057,0.1,1571.13
52,0.03,3.09E-05,3.17E-07,37.64,0.69,-0.19,0,100.02,89.54,4620014.02,0,Mercier-Hochelaga-Maisonneuve,NA,349.09,2077.24,5,5,5478.41,359.6104426,0,-394190.8663,187322.1394,10.48,646.35
53,0,3.10E-05,0.00E+00,39.33,0.95,-0.15,0,99.99,99.99,4620014.02,0,Mercier-Hochelaga-Maisonneuve,NA,386.79,1809.02,5,5,5547.1,246.3313405,0.46706373,-393962.0762,187181.5787,0,347.07
54,0,3.26E-05,1.36E-20,40.45,0.59,-0.23,0,100.01,84.33,4620009,813.8,Mercier-Hochelaga-Maisonneuve,38773,112.98,356.83,15,10,4218.58,489.7838614,0,-391322.7706,188393.7769,15.68,603.61
55,0.85,2.75E-05,1.36E-20,39.47,0.48,-0.24,0.08,98.92,80.83,4620415.05,427.7,Saint-Laurent,84543,136.51,1897.67,20,20,20211.08,991.2187136,0,-409846.2745,180758.0729,18.09,1163.46
56,0,3.17E-05,0.00E+00,41.32,0.39,-0.17,0,100.01,98.73,4620415.06,427.7,Saint-Laurent,76204,185.22,3769.84,10,10,18052.11,272.8744038,0.420787049,-406952.8083,180743.1748,1.28,585.33
57,0,3.17E-05,0.00E+00,40.98,0.52,-0.19,0,99.99,95.27,4620415.06,427.7,Saint-Laurent,76204,115.63,4327.19,25,10,18529.35,943.8544886,0,-406896.4817,180015.8859,4.72,2826.48
58,9.8,3.02E-05,0.00E+00,35.56,0.18,-0.05,17.91,50.53,28.4,4620605.03,5735.5,Saint-Léonard,33633,1242.75,3728.06,15,15,4103.66,69.280481,11.20719313,-397474.9614,191103.3419,22.13,307.19
59,23.22,2.91E-05,0.00E+00,35.31,0.24,-0.04,24.55,74.21,36.47,4620147,16353.4,Le Plateau-Mont-Royal,42186,791.49,2415.8,5,5,9620.05,120.0985614,8.731483313,-396323.0924,183657.5335,37.74,226.11
60,0,3.96E-05,0.00E+00,37.67,0.25,-0.22,8.36,99.99,29.19,4620585.02/4620584,698.1,Rivière-des-Prairies-Pointes-aux-Trembles,37638.25,1167.81,2033.23,10,10,0,392.5703555,0,-390919.542,195702.9596,70.8,534.25
61,12.65,3.15E-05,6.78E-21,35.53,0.22,-0.1,29.87,71.94,25.46,4620311,11203.5,Verdun,32291,781.83,567.92,15,15,18024.86,518.2900129,0.137667833,-396842.4036,175035.9699,46.48,631.45
62,7.68,2.75E-05,0.00E+00,36.92,0.6,-0.14,10.26,80.13,25.82,4620453.02/4620453.01,744,Pointe-Claire,65941.42,46.86,2317.46,15,15,26370.31,41.5882269,5.114459638,-415299.2685,177749.1178,54.31,92.61
63,32.73,2.10E-05,0.00E+00,35.36,0.41,0.02,9.36,65.9,25.6,4620340,3689.6,Montréal-Ouest,79279,232.05,2969.41,15,15,20049.27,454.85704,0.279915437,-402281.1879,174913.6923,40.3,887.75
64,14.39,2.50E-05,2.52E-08,35.23,0.47,-0.07,0,69.87,27.64,4620513.01,4816.7,Pierrefonds-Roxborro,50651,90.92,505.82,20,20,24250.84,29.48131587,3.146142472,-415724.5635,182481.873,42.23,94.35
65,23.36,2.97E-05,2.41E-07,34.94,0.14,-0.06,27.03,69.16,29.13,4620365,12414.3,Outremont,50895,469.68,4876.34,10,5,11793.29,149.2556178,3.640741105,-399300.6617,182716.2227,40.03,274.7
66,13.97,2.10E-05,0.00E+00,36.2,0.54,-0.13,14.71,75.37,41.49,4620352,6415.9,Westmount,57358,608.87,3430.53,15,15,15866.81,244.8373243,1.078662756,-398993.7637,177994.226,33.88,375.46
67,0.4,3.96E-05,0.00E+00,34.61,0.17,-0.09,0,94.02,27.83,4620593.01,4880.1,Anjou,39660,363.24,3790.93,5,5,2420.99,64.28918085,2.947377149,-394603.2131,190850.0866,66.19,428.73
68,15.41,2.10E-05,0.00E+00,36.46,0.36,-0.08,0.3,74.96,29.3,4620383.01,5327.6,Côte-Saint-Luc,65187,2135.63,4207.31,15,15,18965.72,485.3412276,1.98E-07,-404235.1612,177373.2566,45.66,688.5
69,28.67,2.91E-05,0.00E+00,33.64,0.27,0.02,20.14,49.91,24.63,4620366,7282.5,Outremont,67227,737.03,4916.13,10,5,12061.53,253.0422602,1.13753121,-399441.4258,182487.8639,25.28,398.78
70,1.42,3.78E-05,0.00E+00,36.06,0.2,-0.05,12.04,38.52,22.09,4620290.07,7075.9,Rivière-des-Prairies-Pointes-aux-Trembles,47472,939.26,1222.94,10,5,2975.58,15.8799959,2.885753926,-395965.7299,195907.0314,16.43,89.79
71,4.89,2.10E-05,0.00E+00,33.31,0.14,-0.08,3.44,56.82,22.42,4620382.01/4620383.02,6666.1,Côte-Saint-Luc,58729.23,2109.89,4949.51,15,15,18157.45,94.65699027,6.801107707,-403583.9734,177917.6708,34.4,361.52
72,1.91,2.25E-05,3.39E-21,30.48,0.44,0.1,0,22.24,22.24,4620500,122.4,Senneville,70925,697.32,689.58,20,20,38527.07,1320.112,0,-427649.7717,174509.3831,0,2709.9
73,6.59,2.21E-05,6.78E-21,36.62,0.85,-0.06,24.47,54.6,22.6,4620611.02/4620611.01,9814,Montréal-Nord,39551.36,353.78,1678.07,15,15,5644.16,84.60465091,5.602668569,-399466.92,191760.7249,32,335.33
74,11.12,2.24E-05,0.00E+00,34.56,0.4,-0.06,12.51,52.74,24.52,4620396,4454.6,Lachine,50059,78.47,402.54,20,20,23095.61,265.318696,1.424081072,-406357.669,173829.025,28.22,346.46
75,37.75,2.10E-05,0.00E+00,33.12,0.13,0.09,9.13,33.62,19.68,4620340,3689.6,Montréal-Ouest,79279,964.44,2886.22,15,15,20009.41,191.2909181,3.076088614,-402967.6936,175335.3831,13.94,377.27
76,14.12,2.91E-05,0.00E+00,35,0.53,-0.06,7.38,68.09,20.1,4620060/4620059,13632.4,Ville-Marie,19783.22,332.06,1263.84,10,5,11334.39,21.20174865,4.139200254,-395773.6586,181682.9134,47.99,241.52
77,7.27,3.02E-05,0.00E+00,35.19,0.17,-0.06,14.97,54.46,24.55,4620600.03,9494.9,Saint-Léonard,37139,586.74,4939.04,10,10,4422,165.9201519,2.795960834,-396285.2555,189553.5671,29.91,443.91
78,25.92,3.11E-05,0.00E+00,34.39,0.23,0.03,14.38,43.55,21.52,4620404/4620400,3521.1,Mont-Royal,84414.72,174.73,4219.35,10,10,12345.58,183.1986327,3.651499039,-401292.9306,183373.5519,22.03,301.66
79,22.4,2.10E-05,0.00E+00,34.63,0.09,0.02,20.37,47.18,22.2,4620370,3884.2,Hampstead,88371,791.57,6171.91,15,15,16857.23,9.400823292,13.43776084,-402542.0974,178788.7581,24.98,201.2
80,20.05,2.91E-05,0.00E+00,34.15,0.39,0.01,18.62,99.99,22.32,4620187.03/4620187.04/4620187.01,13501,Rosemont-La-Petite-Patrie,45600.18,303.93,2083.18,5,5,7386.66,123.289345,7.830809521,-395066.9162,185593.4413,77.67,391.82
81,66.45,2.70E-05,6.78E-21,29.97,0.4,0.28,0.91,47.6,7.67,4620452,2306.8,Pointe-Claire,52307,616.85,1681.17,20,20,28968.58,207.8242307,2.088111847,-416936.5109,175606.7567,39.93,303.66
82,15.73,2.10E-05,0.00E+00,33.83,0.19,0.14,8.2,45.07,8.63,4620340,3689.6,Montréal-Ouest,79279,493.68,3091.14,15,15,19874.83,371.2936952,0.541734765,-402379.7862,175163.1362,36.44,708.1
83,72.12,3.78E-05,0.00E+00,29.64,0.93,0.25,5.02,11.81,6.6,4620585.02,4025.1,Rivière-des-Prairies-Pointes-aux-Trembles,37647,318.9,1776.7,NA,5,2309.01,71.11513857,1.952097803,-390677.2223,198451.1671,5.21,235.2
84,40.69,2.91E-05,3.39E-21,32.34,0.85,0.03,1.34,32.92,16.23,4620352,6415.9,Westmount,57358,503.81,3261.45,5,5,15567.59,57.90519292,7.863769156,-398733.3137,178212.0154,16.69,209.08
85,10.31,3.26E-05,2.03E-20,34.94,0.15,-0.09,16.15,76.39,9.74,4620009,813.8,Mercier-Hochelaga-Maisonneuve,38773,5.52,447.95,15,10,4469.64,676.2728631,0,-391713.348,188066.9943,66.65,1040.85
86,99.36,2.28E-05,0.00E+00,24.96,0.13,0.42,0,0,0,4620500,122.4,Senneville,70925,1058.65,649.55,20,20,38424.75,1445.434126,0,-427737.6726,174878.3171,0,2124.94
87,0.37,2.11E-05,5.40E-08,35.35,0.09,-0.2,0.67,100,0,4620094.02,3403,Le Sud-Ouest,NA,0.73,3119.87,15,15,16951.76,400.2374528,0,-398859.8012,176778.6507,100,1520.65
88,8.77,3.02E-05,0.00E+00,35.72,1.1,-0.01,0,50.55,2.58,4620594.02,938.3,Anjou,47581,785.4,4017.22,5,5,2997.68,0,17.62650049,-396574.1023,191746.3147,47.97,0
89,1.43,2.82E-05,0.00E+00,31.9,0.79,0.16,11.83,18.12,0,4620315,295.9,Verdun,NA,130.75,1124.96,15,15,19239.72,121.58267,6.366840223,-398362.9858,174207.0367,18.12,603.58
90,40.96,2.75E-05,0.00E+00,35.48,0.58,-0.14,0,97.9,0.23,4620433,233,Dorval,52476,131.53,2736.4,10,10,23129.81,771.4021201,0,-412606.1121,179557.4317,97.67,2671.67
91,23.13,2.65E-05,0.00E+00,32.31,0.3,0.09,18.45,43.24,0.71,4620460,1492.1,Beaconsfield,94151,2.31,952.18,20,20,32932.11,54.97475291,1.540653094,-420696.68,174013.5861,42.53,1582.92
92,19.98,2.10E-05,0.00E+00,33.45,0.46,0.03,18.98,42.03,17.42,4620100.02,9769.4,Côte-des-Neiges-Nôtre-Dame-de-Grâce,44661,1254.67,4119.36,15,15,18777.9,51.44830415,13.76303838,-402274.3167,176357.5703,24.61,98.49
93,4.26,2.65E-05,0.00E+00,35.56,0.21,-0.18,6.68,95.42,18.82,4620470.01,2037.6,Kirkland,69796,121.54,2376.69,20,20,29467.52,509.5183067,0,-418080.55,176309.9068,76.6,888.18
94,9.29,3.17E-05,6.78E-21,34.38,0.32,-0.07,35.71,72.91,15.46,4620279,5602.8,Ahuntsic-Cartierville,40892,41.85,438.06,10,10,11359.74,41.96483037,25.66121948,-403499.9767,187059.8177,57.45,277.29
95,12.86,2.65E-05,0.00E+00,33.86,0.15,0.06,14.14,29.69,15.09,4620515.03,3442.6,Pierrefonds-Roxborro,67222,861.1,1375.01,20,20,31191.5,66.55428805,9.038451072,-420769.9653,177270.3263,14.6,137.66
96,37.75,2.10E-05,0.00E+00,33.12,0.13,0.09,9.13,33.62,19.68,4620340,3689.6,Montréal-Ouest,79279,964.44,2886.22,15,15,20009.41,191.2909181,3.076088614,-402967.6936,175335.3831,13.94,379.2
97,29.84,2.92E-05,6.78E-21,32.2,1.03,0.07,14.03,37.75,15.21,4620540,4215.1,L'Île-Bizard-Sainte-Geneviève,34702,1195.33,127.18,20,20,29434.87,121.6933069,2.347171358,-420079.4906,179616.8847,22.54,304.72
98,40.21,2.65E-05,0.00E+00,31.54,0.34,0.11,16.03,35.16,18.32,4620462.02,1868.6,Beaconsfield,111247,219.71,1248.99,20,20,33218.14,235.4307766,1.445822149,-421164.887,174175.4266,16.84,1181.65
99,30.83,3.03E-05,6.78E-21,33.19,0.22,0.03,23.58,64.14,24.44,4620072,1386.8,Le-Sud-Ouest,28169,448.08,641.63,5,5,15261.85,45.6417146,20.77000505,-395533.4619,177568.8265,39.7,218.54
100,36.53,3.17E-05,0.00E+00,32.77,0.87,0.16,8.86,69.47,15.35,4620416.02,2949.9,Saint-Laurent,48877,433.51,1422.75,5,5,17606.64,0,10.31236254,-408209.4076,182900.8091,54.12,219.66
101,9.38,2.74E-05,3.39E-21,34.36,0.09,0.01,19.95,39.2,17.29,4620521.05/4620521.01,3624.4,Dollard-des-Ormeaux,88479.37,582.54,1707.51,20,20,26808.04,73.74132569,9.727260165,-417273.8109,179970.4048,21.91,745.94
102,0.26,3.02E-05,0.00E+00,35.63,0.39,-0.2,0,98.59,11.67,4620601.02,10449.2,Saint-Léonard,39837,723.09,4879.23,5,5,5921.41,404.3497826,0,-396890.4106,188162.1316,86.92,729.83
103,13.29,2.65E-05,0.00E+00,31.83,0.41,0.14,10.31,21.53,10.88,4620470.03,2131.5,Kirkland,105679,481.03,2252.92,20,5,33495.04,0,6.765028566,-422375.6806,175486.4574,10.65,10.13
104,44.3,2.91E-05,0.00E+00,31.05,0.21,0.12,10.48,28.27,14.43,4620360,1349,Outremont,139132,838.72,3953.61,5,5,12252.48,134.7934708,6.29376327,-398656.417,181816.6917,13.84,386.71
105,29.87,2.75E-05,0.00E+00,32.13,0.25,0.13,14.45,28.5,11.36,4620433,233,Dorval,52476,580.89,1034.15,5,5,25238.17,0,19.52012013,-412652.1145,176311.1819,17.14,61.93
106,75.63,2.91E-05,0.00E+00,30.57,1.43,0.27,0,33.31,10.96,4620128,1162.2,Ville-Marie,49617,342.47,2611.07,5,5,12041.19,0,62.16715922,-397361.0612,181461.6964,22.35,0
107,47.14,3.17E-05,0.00E+00,32.98,0.27,0.1,13.41,32.88,14.34,4620285,4348.7,Ahuntsic-Cartierville,43144,313.44,251.95,5,5,15486.05,0,13.13945733,-407061.8888,184966.4949,18.54,66.27
108,19.98,3.02E-05,0.00E+00,35.2,0.22,-0.02,28.02,56.67,16.5,4620254,6630.3,Villeray-Saint-Michel-Parc-Extension,34000,42.58,5006.61,5,5,6572.03,284.9700917,0.058640426,-397640.0175,187867.0482,40.17,451.89
109,23.99,3.96E-05,0.00E+00,33.61,0.24,-0.01,18.62,63.22,12.59,4620591.02,6066.5,Anjou,45874,855.5,3205.26,15,5,977.03,0,2.512843446,-393889.0066,192111.578,50.63,0
110,10.31,3.26E-05,2.03E-20,34.94,0.15,-0.09,16.15,76.39,9.74,4620009,813.8,Mercier-Hochelaga-Maisonneuve,38773,5.52,447.95,15,10,4469.64,676.2728631,0,-391713.348,188066.9943,66.65,1046.01
111,19.78,2.67E-05,1.02E-20,33.25,0.32,0.09,14.36,26.54,11.54,4620514.01,3494.8,Pierrefonds-Roxborro,52163,1186.37,1001.9,20,20,28600.75,155.8878314,6.750385706,-419012.8996,179402.0437,15,415.78
112,0.17,3.86E-05,1.36E-20,39.09,0.17,-0.18,0,94,58.64,4620585.02,4025.1,Rivière-des-Prairies-Pointes-aux-Trembles,37647,591.29,1897.06,20,15,1086.23,314.7551717,0,-390684.0111,197006.7603,35.36,335.67
113,8.79,2.91E-05,0.00E+00,32.24,0.43,-0.11,0,77.07,55.47,4620129.01,13484.5,Ville-Marie,38921,892.76,2262.16,10,10,12788.77,28.77679009,16.97069537,-397195.4835,180604.413,21.6,653.85
114,0.4,2.66E-05,1.02E-20,33.26,0.36,-0.23,0,95.49,58.38,4620452,2306.8,Pointe-Claire,52307,176.15,3014.62,20,20,28621.38,353.6430167,0,-417429.193,176854.1577,37.11,1483.15
115,0.49,2.75E-05,0.00E+00,37.81,0.88,-0.17,4.35,88.86,58.95,4620433,233,Dorval,52476,59.93,2273.88,10,10,22541.78,344.1387369,0,-412204.7797,180003.4863,29.91,1122.56
116,0.53,3.78E-05,2.71E-20,38.33,0.67,-0.2,0,99.99,58.56,4620570,314.5,Montréal-Est,38802,149.28,2541.75,10,10,1535.92,292.1435089,0.097352516,-394702.3385,195193.5329,41.43,352.75
117,4.79,3.95E-05,1.52E-07,36.07,0.72,-0.14,11.71,89.87,55.85,4620009,813.8,Mercier-Hochelaga-Maisonneuve,38773,260.07,1251.41,15,5,3676.26,146.6626379,2.276224811,-392128.7918,188825.9825,34.02,300.86
118,0.26,2.75E-05,0.00E+00,36.68,0.5,-0.19,2.78,93.78,55.18,4620521.07,2084.7,Dollard-des-Ormeaux,83222,303.02,2825.32,20,20,24597.44,364.6402577,0.087959255,-414521.0642,179726.8082,38.6,763.4
119,4.39,2.82E-05,0.00E+00,39.84,0.71,-0.18,0.07,87.96,59.66,4620325.06,5458.7,LaSalle,42456,663.78,1259.05,15,15,20409.89,125.7692896,18.29465363,-399524.5333,173346.4923,28.3,146.53
120,0,3.05E-05,3.39E-21,37.56,1.34,-0.16,0,100.02,59.11,4620402,691.6,Mont-Royal,59971,509.79,5908.89,20,20,17061.86,908.9387902,0,-404383.1607,179793.9376,40.91,3859.01
121,8.73,2.91E-05,0.00E+00,37.31,0.29,-0.13,14.33,81.69,56.08,4620136,15283.7,Le Plateau-Mont-Royal,39902,109.52,2555.71,10,10,11135.09,266.3432023,2.718766144,-396928.2565,182266.2353,25.61,490.53
122,0.25,2.93E-05,6.78E-21,39.67,0.53,-0.2,0,99.97,51.88,4620605.04,3098.6,Saint-Léonard,42437,740.76,2786.37,15,15,4335.88,351.8729215,0.088189607,-398129.6149,191883.5349,48.09,445.35
123,3.64,3.17E-05,0.00E+00,37.09,1.05,-0.13,5.68,77.19,51.41,4620415.05,427.7,Saint-Laurent,84543,949.18,2625.94,5,5,18594.86,34.33735497,17.53445422,-408117.9282,181207.2712,25.78,77.38
124,1.09,3.91E-05,6.78E-21,37.31,0.55,-0.15,0,100.01,50.3,4620594.02,938.3,Anjou,47581,311.04,3793.79,20,15,1865.14,661.5130689,0,-395771.8301,192638.8153,49.71,1665.33
125,3.1,2.74E-05,6.78E-21,37.63,0.49,-0.15,0,69.64,51.36,4620521.06,2407.1,Dollard-des-Ormeaux,68640,506.96,2392.9,20,20,24826.5,106.2188965,20.93954651,-415295.398,180517.6433,18.28,190.16
126,8.3,3.02E-05,0.00E+00,38.56,1.14,-0.13,12.87,89.68,49.34,4620256,2049.7,Villeray-Saint-Michel-Parc-Extension,33595,253.11,3153.42,5,5,8002.48,0,39.47133323,-399815.0528,187818.1354,40.34,2.69
127,0.32,2.10E-05,0.00E+00,39.05,0.28,-0.18,0.01,96.95,54.76,4620402,691.6,Mont-Royal,59971,488.12,5948.33,15,15,17724.48,731.4297985,0,-404904.106,179358.3994,42.19,8367.91
128,8.95,2.91E-05,0.00E+00,37.26,0.49,-0.15,15.17,84.54,51.68,4620132/4620133,18214.2,Le Plateau-Mont-Royal,32872.52,54.96,1979.93,10,5,11365.98,185.0405172,3.177354923,-396481.1735,181865.6639,32.86,394.06
129,2.23,2.92E-05,1.02E-20,36.89,0.38,-0.17,15.06,99.44,52.5,4620187.04,7381.1,Rosemont-La-Petite-Patrie,52436,449.74,2012.52,5,5,8165.73,0,15.32878395,-395489.1471,184908.3084,46.94,85.66
130,0.04,2.25E-05,0.00E+00,39.21,0.55,-0.2,0,100.03,52.39,4620395.01,357.4,Lachine,23621,423.8,1980.57,20,20,22184.07,1403.432321,0,-408191.8634,176278.1236,47.64,2593.63
131,6.46,3.02E-05,3.39E-21,37.81,0.83,-0.17,11.04,85.53,49.29,4620303,8687.9,Verdun,29341,366.16,1307.73,15,15,16789.8,28.56335067,1.524653383,-397085.5752,176381.4929,36.24,129.28
132,9.63,2.91E-05,0.00E+00,34.14,0.64,-0.12,0.47,95.62,54.82,4620351,10811.3,Westmount,48088,406.23,2990.22,15,10,14418.09,246.8266086,1.925514487,-397811.214,179093.7431,40.8,337.37
133,0.07,3.17E-05,0.00E+00,36.5,0.2,-0.2,28.93,92.19,50.34,4620267,5626.7,Ahuntsic-Cartierville,38918,498.94,2283.49,10,10,12103.67,346.1082879,0,-402612.9362,184814.3687,41.85,630.8
134,2.44,2.75E-05,2.52E-08,36.39,0.42,-0.16,1.46,86.12,48.04,4620452,2306.8,Pointe-Claire,52307,75.61,2906.05,20,20,27944.6,472.4802251,0,-416908.1158,177289.5672,38.08,2128.14
135,8.41,2.86E-05,3.06E-07,35.08,1.45,-0.16,0.01,86.74,46.02,4620083,8088.7,Le Sud-Ouest,34290,448.55,2034.86,15,15,16466.32,107.4412485,7.024716111,-397761.5453,176922.5741,40.72,355.56
136,1.98,3.96E-05,0.00E+00,33.78,1.05,-0.18,0,98.61,47.89,4620009,813.8,Mercier-Hochelaga-Maisonneuve,38773,242.84,733.52,15,10,3387.38,425.3407593,0,-391368.7066,189240.6113,50.72,1606.13
137,8.3,3.02E-05,0.00E+00,38.56,1.14,-0.13,12.87,89.68,49.34,4620256,2049.7,Villeray-Saint-Michel-Parc-Extension,33595,253.11,3153.42,5,5,8002.48,0,39.47133323,-399815.0528,187818.1354,40.34,3.63
138,9.63,2.91E-05,0.00E+00,32.13,0.79,-0.11,6.9,95.93,45.57,4620360,1349,Outremont,139132,1268.27,4381.65,5,5,12662.59,0,28.30244973,-399156.2088,181620.0004,50.36,53.57
139,3.71,2.65E-05,0.00E+00,35.66,0.82,-0.18,0,92.75,48.66,4620470.03,2131.5,Kirkland,105679,476.27,2191.5,20,20,32967.59,269.1002991,0.669768901,-421875.7245,175682.9276,44.09,457.92
140,1.16,2.10E-05,1.35E-08,35.63,0.52,-0.14,11.39,77.34,45.42,4620326.02/4620326.03,3117.3,LaSalle,40953.6,340.8,2039.25,15,15,21027.9,193.6307212,0.107201611,-402604.9446,173979.2872,31.92,461.07
141,0.39,2.65E-05,0.00E+00,34.22,0.55,-0.1,3.59,81.78,48.78,4620491,257.9,Saint-Anne-de-Bellevue,86211,873.61,2120.23,20,20,35632.81,38.936239,1.286393196,-424484.6498,174830.6753,33,908.63
142,0,3.87E-05,4.97E-07,37.16,0.41,-0.19,0,99.98,47.77,4620570,314.5,Montréal-Est,38802,728.29,3389.69,10,10,710.29,534.9761571,0,-394156.809,194543.3671,52.21,3610.19
143,15.49,2.17E-05,0.00E+00,34.9,0.55,-0.07,5.25,69.09,45.09,4620127.01/4620126,11425.6,Côte-des-Neiges-Nôtre-Dame-de-Grâce,33662.95,333.11,5172.14,10,5,14320.61,22.61809076,4.340986214,-400120.4883,180260.4446,24,139.81
144,6.46,3.02E-05,3.39E-21,37.81,0.83,-0.17,11.04,85.53,49.29,4620303,8687.9,Verdun,29341,366.16,1307.73,15,15,16789.8,28.56335067,1.524653383,-397085.5752,176381.4929,36.24,131.38
145,0.06,3.02E-05,0.00E+00,38.85,0.65,-0.18,10.09,100.01,49.12,4620611.01,3963.5,Montréal-Nord,40263,479.1,1890.2,15,15,5678.22,94.8221576,5.751559719,-399378.9143,191391.737,50.89,362.46
146,0,3.02E-05,0.00E+00,38.98,0.41,-0.2,0.96,98.6,39.94,4620600.01,5306.4,Saint-Léonard,41242,305.17,5032.12,10,10,3404.02,271.083321,0.610685986,-395841.9428,190477.6943,58.66,1211.02
147,1.44,2.92E-05,3.39E-21,33.41,0.86,-0.11,0,99.95,39.23,4620515.01,655.2,Pierrefonds-Roxborro,73841,1379.21,113.54,20,20,31596.84,17.28818448,6.084268319,-421773.0665,178201.8714,60.72,19.07
148,3.61,2.75E-05,0.00E+00,35.34,0.22,-0.11,16.22,63.32,41.14,4620453.02,744,Pointe-Claire,66088,38.94,2778.36,20,20,24646.79,903.3823717,0,-413669.3102,178447.6139,22.18,1219.86
149,0.68,2.65E-05,0.00E+00,34.02,0.71,-0.03,8.29,94.14,41.24,4620480,633.9,Baie-d'Urfé,85722,73.75,1991.8,20,20,35157.22,868.2852727,0,-423569.4298,174268.0533,52.9,2174.29
150,27.8,2.91E-05,0.00E+00,35.31,0.28,-0.01,18.2,70.35,40.2,4620141,13513.7,Le Plateau-Mont-Royal,48055,446.32,2537.02,5,5,10261.93,113.6371832,8.063070547,-396615.1329,183081.3382,30.15,238.06
151,0.24,2.21E-05,0.00E+00,38.42,0.35,-0.18,17.68,100,44.81,4620290.05,2296.7,Rivière-des-Prairies-Pointes-aux-Trembles,38960,87.81,1523.9,15,15,3803.55,209.165344,2.087918263,-397830.6484,193904.1171,55.19,511.11
152,0.01,2.10E-05,0.00E+00,37.31,0.7,-0.12,9.97,76.66,41.47,4620094.01,3403,Côte-des-Neiges-Nôtre-Dame-de-Grâce,30307,60.93,3226.68,15,15,16522.09,437.3283617,0,-398937.3251,177266.9883,35.19,922.93
153,11.3,3.02E-05,0.00E+00,36.28,0.32,-0.1,24.1,70.37,39.81,4620233/4620234,19394.2,Villeray-Saint-Michel-Parc-Extension,31477.67,139.29,4260.81,10,10,10185.74,427.8196307,0.599688627,-399937.9909,185059.8695,30.56,878.78
154,2.87,3.91E-05,1.36E-20,38.43,0.52,-0.09,9.21,100,43.01,4620594.02,938.3,Anjou,47581,860.24,3363.9,15,15,1665.73,1042.256088,0,-395719.1135,193236.2097,56.99,1462.28
155,5.69,2.65E-05,0.00E+00,35.75,0.48,-0.11,13.64,78.02,40.09,4620470.01,2037.6,Kirkland,69796,12.71,2284.13,20,20,29911.87,851.0872142,0,-418569.9014,176232.8444,37.93,1181.3
156,10.59,2.82E-05,0.00E+00,36.97,0.17,-0.1,16.14,77.38,35.07,4620324.02,4178.7,LaSalle,36204,1096.1,984.02,15,15,22272.74,472.5732434,1.18815215,-401795.0138,172222.6841,42.31,1212.11
157,0,3.02E-05,0.00E+00,38.98,0.41,-0.2,0.96,98.6,39.94,4620600.01,5306.4,Saint-Léonard,41242,305.17,5032.12,10,10,3404.02,271.083321,0.610685986,-395841.9428,190477.6943,58.66,1228.33
158,1.44,2.92E-05,3.39E-21,33.41,0.86,-0.11,0,99.95,39.23,4620515.01,655.2,Pierrefonds-Roxborro,73841,1379.21,113.54,20,20,31596.84,17.28818448,6.084268319,-421773.0665,178201.8714,60.72,24.21
159,0.59,2.16E-05,0.00E+00,37.54,0.42,-0.18,3.46,98,39.92,4620395.01,357.4,Lachine,23621,408.59,2374.38,30,30,21525.84,1289.392026,0,-406994.9613,176172.4041,58.08,4524.31
160,0,2.42E-05,0.00E+00,36.26,0.62,-0.17,0,100,37.89,4620433,233,Dorval,52476,323.59,2712.18,30,30,21854.53,2002.648369,0,-408716.3887,177167.11,62.11,3416.97
161,5.26,2.75E-05,0.00E+00,38.03,0.45,-0.17,18.58,77.91,36.76,4620521.07,2084.7,Dollard-des-Ormeaux,83222,458.59,3335.1,20,20,25086.16,567.9706573,0,-414802.733,179270.1824,41.15,1210.68
162,20.86,2.91E-05,0.00E+00,35.66,0.13,-0.07,18.52,67.33,35.22,4620037,6598.8,Ville-Marie,27816,434.24,885.81,10,10,9290.94,241.5201842,2.046466606,-394767.3636,183520.4028,32.11,436.44
163,18.62,2.91E-05,0.00E+00,35.64,0.67,-0.08,2.25,91.11,38.84,4620079,7716.4,Le Sud-Ouest,35038,486.28,1742.2,15,5,15688.4,0,4.943668761,-397339.262,177607.6022,52.27,363.45
164,8.28,3.16E-05,6.78E-21,36.78,0.22,-0.12,15.4,68.42,36.15,4620267,5626.7,Ahuntsic-Cartierville,38918,113.16,2865.22,10,10,11822.4,278.1781841,0.165383646,-402025.1335,184642.0894,32.27,395.12
165,8.94,2.21E-05,0.00E+00,37.32,0.72,-0.11,30.06,97.63,35.27,4620610.05/4620610.06,11441.2,Montréal-Nord,34865.21,793.45,1327.93,15,15,4652.56,464.3466152,0.92473042,-398710.4022,193500.1016,62.36,715.67
166,13.82,2.10E-05,2.92E-08,35.08,0.51,-0.06,12.24,56.41,29.72,4620392,3472.5,Lachine,32239,985.67,171.85,20,20,22850.57,84.71663057,9.389046231,-405421.214,173505.6082,26.69,181.25
167,23.22,2.91E-05,0.00E+00,35.31,0.24,-0.04,24.55,74.21,36.47,4620147,16353.4,Le Plateau-Mont-Royal,42186,791.49,2415.8,5,5,9620.05,120.0985614,8.731483313,-396323.0924,183657.5335,37.74,226.95
168,5.58,3.02E-05,0.00E+00,37.3,0.17,-0.06,15.08,98.74,31.42,4620220,13808,Villeray-Saint-Michel-Parc-Extension,25603,38.75,4860.07,10,10,11293.69,155.1490315,1.222741983,-400163.1343,183875.8134,67.32,618.55
169,1.72,3.96E-05,0.00E+00,35.2,1.03,-0.2,0,99.99,34.75,4620570,314.5,Montréal-Est,38802,2562.95,995.44,20,15,438.18,535.4114803,0,-391432.7404,192617.5311,65.24,1119.12
170,0.82,2.65E-05,0.00E+00,35.9,0.79,-0.25,0.19,98.03,33.45,4620460,1492.1,Beaconsfield,94151,97.8,404.12,20,20,31092.46,339.5259604,0,-418619.4942,174311.1834,64.58,714.17
171,16.44,3.17E-05,0.00E+00,34.87,0.18,-0.03,16.12,62.05,31.44,4620269/4620280,5358.1,Ahuntsic-Cartierville,37474.5,508.75,1214.51,5,5,12736.12,134.2589905,6.372525578,-403788.5347,185158.9482,30.61,252.95
172,6.5,2.21E-05,0.00E+00,36.14,0.59,-0.1,21.29,70.03,34.36,4620610.04/4620610.07,18673.5,Montréal-Nord,29574.42,953.46,729.68,20,15,5124.14,0,1.836861518,-399157.3568,193900.7806,35.67,439.32
173,3.77,2.82E-05,0.00E+00,37.09,0.12,-0.17,19.35,94.68,29.28,4620324.02/4620324.01,4178.7,LaSalle,36097.47,777.42,714.37,15,15,22728.28,208.4552764,4.710230576,-402185.7386,171896.0518,65.4,771.7
174,5.43,2.23E-05,6.78E-21,38.01,0.67,-0.1,8.5,96.34,32.18,4620402,691.6,Mont-Royal,59971,231.72,5942.61,15,10,16111.17,435.1922314,0,-403492.6286,180317.2417,64.16,687.95
175,10.68,2.75E-05,0.00E+00,35.75,0.67,-0.07,10.48,64.99,31.21,4620433,233,Dorval,52476,685.15,2983.3,25,25,23949.09,1300.695072,0,-412820.9308,178492.9677,33.78,1745.18
176,23.36,2.97E-05,2.41E-07,34.94,0.14,-0.06,27.03,69.16,29.13,4620365,12414.3,Outremont,50895,469.68,4876.34,10,5,11793.29,149.2556178,3.640741105,-399300.6617,182716.2227,40.03,274.88
177,2.05,2.65E-05,0.00E+00,34.89,0.56,-0.02,8.95,44.33,29.71,4620470.04,2312.7,Kirkland,78071,198.41,2525.06,20,20,31461.34,413.2774995,0,-420386.4645,176152.925,14.62,667.76
178,15.41,2.10E-05,0.00E+00,36.46,0.36,-0.08,0.3,74.96,29.3,4620383.01,5327.6,Côte-Saint-Luc,65187,2135.63,4207.31,15,15,18965.72,485.3412276,1.98E-07,-404235.1612,177373.2566,45.66,683.71
179,0,3.96E-05,0.00E+00,39.46,0.95,-0.22,0,100.01,94.64,4620570,314.5,Montréal-Est,38802,2440.68,802.56,15,15,397.03,1273.330523,0,-390588.4349,193988.0311,5.37,1556.05
180,0,2.78E-05,6.78E-21,39.17,0.33,-0.22,0,90.94,90.94,4620433,233,Dorval,52476,327.47,3676.32,25,25,21247.86,2395.628939,0,-408871.2721,178143.8371,0,3533.49
181,1.07,2.24E-05,1.36E-06,42.3,1.66,-0.19,0,99.97,89.27,4620326.01,1111.1,LaSalle,39102,1142.64,2724.64,20,20,19923.53,677.6069656,0,-400647.6779,174288.1157,10.7,1332.04
182,0.35,2.65E-05,0.00E+00,35.46,1.18,-0.23,0,98.98,94.22,4620480,633.9,Baie-d'Urfé,85722,496.46,1690.86,20,20,34498.16,640.030983,0,-422731.5474,174193.8217,4.76,3534.27
183,0,3.17E-05,0.00E+00,40.35,1.72,-0.22,0,99.99,93.02,4620415.06,427.7,Saint-Laurent,76204,244.86,2615.38,15,15,16392.26,583.7610892,0.936635373,-406315.7056,182492.7193,6.97,1116.63
184,0.12,3.02E-05,0.00E+00,31.85,0.28,0.07,0,99.98,91.22,4620014.02,0,Mercier-Hochelaga-Maisonneuve,NA,156.06,2221.82,10,10,5762.29,118.7121601,19.65904294,-394451.2675,187104.2996,8.76,442.08
185,0,3.95E-05,2.03E-20,39.34,0.65,-0.2,0,99.95,89.94,4620585.02,4025.1,Rivière-des-Prairies-Pointes-aux-Trembles,37647,443.64,2572.17,10,10,205.75,808.7472991,0,-391345.4406,196342.5606,10.01,1690.6
186,0,3.02E-05,6.78E-21,43.6,1.06,-0.23,0,100.04,93.8,4620266,4456.4,Ahuntsic-Cartierville,33083,230.3,2694.44,10,10,11013.64,225.8055466,1.563815294,-401711.9338,185457.2025,6.24,564.49
187,0.09,2.10E-05,1.36E-20,41.69,1.16,-0.2,0,100.01,95.06,4620415.06,427.7,Saint-Laurent,76204,440.67,4572.81,15,15,19453,1904.459312,0,-406326.1877,178280.1567,4.95,10059.44
188,0,3.10E-05,0.00E+00,39.33,0.95,-0.15,0,99.99,99.99,4620014.02,0,Mercier-Hochelaga-Maisonneuve,NA,386.79,1809.02,10,10,5547.1,246.3313405,0.46706373,-393962.0762,187181.5787,0,346.09
189,0,2.75E-05,1.69E-20,41.6,0.73,-0.23,0,99.68,98.52,4620327,4342.3,LaSalle,35030,268.53,743.69,15,15,22549.84,225.9534202,1.175781676,-402632.8938,172296.596,1.16,289.63
190,0.58,2.10E-05,0.00E+00,42.18,1.27,-0.2,0,100,93.24,4620326.03,3771.4,LaSalle,41280,752.05,2661.42,20,20,20612.96,231.1061837,0.513331273,-401756.5447,174024.8112,6.76,1823.77
191,0.39,3.01E-05,6.78E-21,39.31,0.5,-0.16,4.13,99.83,64.97,4620179,7668.7,Rosemont-La-Petite-Patrie,29683,1135.78,3504.94,10,5,8644.58,138.1086819,2.772593901,-397044.8408,185045.4659,34.86,338.53
192,0,3.96E-05,0.00E+00,38.89,0.86,-0.21,0,99.98,65.64,4620570,314.5,Montréal-Est,38802,2708.45,536.73,20,20,488.69,1390.617456,0,-390359.6712,193847.467,34.34,1810.03
193,0.27,3.17E-05,0.00E+00,39.54,1.57,-0.23,0,99.87,66.65,4620404,3521.1,Mont-Royal,90875,145.11,3337.06,10,10,12500.44,17.49596593,1.900765969,-402098.9924,183805.8629,33.22,0.44
194,2.9,3.95E-05,6.78E-21,36.63,0.34,-0.15,0,98.6,65.54,4620594.02,938.3,Anjou,47581,928.88,3307.79,20,20,1176.21,547.9754408,0,-395187.7952,193791.402,33.06,1604.4
195,3.78,2.21E-05,0.00E+00,38.57,1.8,-0.11,0,84.89,66.86,4620610.07,7815.7,Montréal-Nord,23885,684.51,234.53,25,15,5273.23,114.9215223,1.520753717,-399224.2517,194508.748,18.03,763.51
196,1.06,2.11E-05,6.78E-21,39.04,0.5,-0.16,0,96.25,66.74,4620094.02/4620084,2.7,Le Sud-Ouest,30262.21,36.16,2872.11,15,15,17006.59,183.3112229,0.435680022,-398630.9677,176638.0995,29.51,447.98
197,0,2.23E-05,6.78E-21,39.67,0.33,-0.18,0,99.12,65.65,4620395.01,357.4,Lachine,23621,192.4,3271.5,NA,NA,20925.61,2569.221397,0,-407607.5161,177430.2873,33.47,9012.41
198,0.33,2.92E-05,6.78E-21,39.85,0.42,-0.19,0,96.27,69.2,4620415.05,427.7,Saint-Laurent,84543,346.32,861.31,10,10,19323.37,206.7236883,4.551452053,-409730.0527,182072.0765,27.07,173.35
199,6.91,2.08E-05,2.37E-06,33.67,0.55,-0.18,0,100.01,68.89,4620491/4620480,257.9,Baie-d'Urfé,85915.56,180.47,1518.79,20,20,37031.86,738.9918127,0,-425111.7435,173200.9725,31.12,7380.19
200,0.42,3.93E-05,2.03E-20,37.44,0.45,-0.16,0,100,65.3,4620009,813.8,Mercier-Hochelaga-Maisonneuve,38773,212.63,596.36,25,10,4423.72,538.318245,0,-391952.6699,188088.0788,34.7,1365.79
201,2.29,3.17E-05,0.00E+00,39.43,0.93,-0.17,5.07,99.93,68.91,4620268.03,0,Ahuntsic-Cartierville,NA,88.76,2901.75,NA,NA,12686.12,357.7727581,0,-402567.1316,183967.5759,31.02,1114.62
202,3.03,3.02E-05,0.00E+00,39.69,0.67,-0.17,14.85,94.34,62.81,4620605.03,5735.5,Saint-Léonard,33633,1361.26,3586.37,15,15,3888.8,242.1158278,0.942828034,-397443.3238,191461.7684,31.53,429.78
203,8.54,2.92E-05,6.78E-21,38.94,0.44,-0.15,0,81.59,61.2,4620415.05,427.7,Saint-Laurent,84543,216.29,1449.74,20,20,19713.11,461.1863088,0,-409673.7671,181344.7653,20.39,587.03
204,0.02,3.17E-05,0.00E+00,38.66,0.37,-0.18,11.07,100.01,61.45,4620269,5358.1,Ahuntsic-Cartierville,36187,502.63,1650.45,5,5,12320.52,103.4768788,6.695965854,-403190.1826,185106.1176,38.56,229.04
205,0,2.44E-05,3.39E-21,40.97,0.7,-0.21,0,99.96,64.66,4620610.01,4856.5,Montréal-Nord,32262,116.15,1690.4,15,15,5255.7,292.2482358,0.010078803,-399185.4096,192217.5133,35.3,424.44
206,3.39,2.91E-05,0.00E+00,38.46,0.42,-0.2,14.03,95.84,61.95,4620070,NA,Le Sud-Ouest,48209,198.2,946.62,30,5,13411.58,212.2180668,2.148627989,-395723.9533,179511.6547,33.89,395.67
207,0.09,2.65E-05,0.00E+00,36.16,0.52,-0.13,0,99.99,63.14,4620480,633.9,Baie-d'Urfé,85722,203.41,1298.99,25,25,35604.6,266.5064813,0.553864154,-423632.9752,173551.4286,36.85,8306.64
208,4.39,2.82E-05,0.00E+00,39.84,0.71,-0.18,0.07,87.96,59.66,4620325.06,5458.7,LaSalle,42456,663.78,1259.05,15,15,20409.89,125.7692896,18.29465363,-399524.5333,173346.4923,28.3,150.25
209,4.71,2.49E-05,0.00E+00,38.83,0.9,-0.16,0,88.27,61.35,4620513.02,3387.8,Pierrefonds-Roxborro,37567,361.5,519.29,10,10,26975.02,496.6349688,0.429028918,-418026.9459,181000.1906,26.92,743.49
210,0.01,3.95E-05,1.36E-20,38.41,0.51,-0.18,4.73,99.07,62.74,4620594.02,938.3,Anjou,47581,1000.43,3460.07,20,20,1160.33,786.7554923,0,-395208.8805,193552.4413,36.33,1618.94
211,0.75,3.02E-05,0.00E+00,40.23,0.54,-0.21,7.88,99.96,78.85,4620216,6898.4,Rosemont-La-Petite-Patrie,34861,222.87,4634.19,10,10,10558.77,121.8764205,2.595065892,-398607.3973,183738.5744,21.11,860.61
212,2.38,3.17E-05,6.78E-21,38.32,0.71,-0.19,2.28,100,79.44,4620267,5626.7,Ahuntsic-Cartierville,38918,832.8,2116.1,10,10,11829.98,294.7230574,0.001145315,-402581.2778,185172.7562,20.56,411.49
213,0.48,2.10E-05,0.00E+00,37.7,0.64,-0.21,0,100,75.3,4620119,11013.2,Côte-des-Neiges-Nôtre-Dame-de-Grâce,29893,182.78,6105.36,10,10,14721.95,235.6506386,0.960691813,-401644.6805,180756.07,24.7,545.55
214,0,3.10E-05,0.00E+00,40.14,0.88,-0.2,0,100.01,75.12,4620014.02,0,Mercier-Hochelaga-Maisonneuve,NA,120.36,1540.9,10,10,5624.3,97.12055137,3.53516344,-393733.2851,187041.0194,24.89,290.47
215,0.26,3.43E-05,2.03E-20,40.64,0.39,-0.23,0,100.01,76.33,4620593.01,4880.1,Anjou,39660,402.16,4246.47,10,10,2434.07,379.9793792,0,-395060.7557,191131.2354,23.68,681.67
216,0.06,2.21E-05,4.69E-09,37.84,0.51,-0.18,0.22,99.96,78.39,4620610.06,8144.7,Montréal-Nord,38684,644.99,1581.22,15,15,4422.25,517.6267288,0.149807774,-398481.648,193359.5044,21.57,890.79
217,0,3.17E-05,0.00E+00,39.31,0.87,-0.2,0,100,75.62,4620415.06,427.7,Saint-Laurent,76204,653.63,3303.4,10,10,18617.67,496.2265306,0,-407681.4526,180687.1585,24.38,649.68
218,0.26,3.17E-05,1.36E-20,36.63,0.1,-0.18,0.06,100,77.81,4620402,691.6,Mont-Royal,59971,85.43,5419.83,20,10,15828.58,586.9732443,0,-403689.7793,180816.1845,22.19,732.18
219,0,2.11E-05,6.78E-21,37.16,1.17,-0.18,0,99.98,79.54,4620093,4409.7,Le Sud-Ouest,36328,594.27,3052.11,15,15,18153.07,7.363545544,28.47814479,-399553.1074,175756.4187,20.44,72.29
220,0.46,2.75E-05,0.00E+00,38.05,0.39,-0.22,0,97.51,78.3,4620453.02,744,Pointe-Claire,66088,233.89,2633.71,20,20,26133.77,401.3315281,0,-415267.5433,178107.4599,19.21,438.61
221,3.68,2.46E-05,3.39E-21,38.82,1.08,-0.1,4.73,92.9,74.69,4620290.05/4620290.01,2296.7,Rivière-des-Prairies-Pointes-aux-Trembles,45953.4,84,2266.65,20,15,3215.15,269.3691889,0.151411371,-397274.5827,193373.4134,18.21,503.79
222,1.13,2.75E-05,0.00E+00,37.89,0.71,-0.2,1.84,78.87,74.84,4620521.06,2407.1,Dollard-des-Ormeaux,68640,694.28,2921.03,20,20,24973.99,36.4666387,14.00292334,-414999.8025,179769.1628,4.03,968.42
223,0.7,3.02E-05,0.00E+00,34.53,0.12,-0.19,0,99.05,73.07,4620229,0,Villeray-Saint-Michel-Parc-Extension,NA,467.79,4432.63,5,5,11256.88,0,34.25255684,-400501.0549,184146.4113,25.98,0
224,2.42,2.65E-05,0.00E+00,35.9,0.68,-0.15,0,79.48,71.14,4620470.01,2037.6,Kirkland,69796,108.48,2465.95,20,20,31160.63,426.6171958,0,-419918.2744,175991.0848,8.34,1043.75
225,3.14,2.12E-05,1.02E-20,35.22,0.47,-0.1,5.32,87.87,70.26,4620123,15226.6,Côte-des-Neiges-Nôtre-Dame-de-Grâce,25907,320.68,5750.1,10,10,14262.67,366.212629,0,-400687.2481,180671.5934,17.61,446.32
226,0.4,2.91E-05,0.00E+00,36.69,0.41,-0.2,12.77,95.15,74.09,4620171,9805.3,Le Plateau-Mont-Royal,34688,229.4,4093.04,10,5,10677.2,27.50526828,6.718909123,-398160.3377,183337.9774,21.06,60.21
227,0.33,2.92E-05,6.78E-21,39.85,0.42,-0.19,0,96.27,69.2,4620415.05,427.7,Saint-Laurent,84543,346.32,861.31,10,10,19323.37,206.7236883,4.551452053,-409730.0527,182072.0765,27.07,154.49
228,0.65,2.10E-05,6.78E-21,40.52,0.72,-0.16,8.89,91.18,71.3,4620326.02,3117.3,LaSalle,38617,386.17,1302.64,15,15,21919.43,300.2610323,0,-402689.3151,173023.7776,19.88,474.26
229,0.03,2.25E-05,0.00E+00,41.26,0.77,-0.3,0,100.02,71.88,4620431,2443.9,Dorval,49983,220.98,726.22,20,20,24471.28,420.2260689,0.4384237,-410233.6672,175014.013,28.14,720.46
230,0.1,2.65E-05,6.78E-21,34.47,0.3,-0.19,0.07,93.62,70.58,4620491,257.9,Saint-Anne-de-Bellevue,86211,610.73,2388.1,20,20,35679.54,153.9026608,1.881258731,-424386.1371,174581.1873,23.04,218.88
231,4.07,3.02E-05,0.00E+00,37.02,0.42,-0.21,6.27,96.37,73.98,4620602.02,10449.2,Saint-Léonard,37809,372.14,5166.15,5,5,6248.24,40.1591555,9.433779468,-397379.6037,188084.877,22.39,74.15
232,0,2.66E-05,1.02E-20,37.66,0.42,-0.23,0,100,86.63,4620452,2306.8,Pointe-Claire,52307,177.28,2773.84,20,20,28269.3,209.804309,1.109108519,-417059.5409,176941.8232,13.37,453.02
233,0.01,2.10E-05,0.00E+00,39.41,0.62,-0.21,2.41,99.61,86.71,4620330,2546,Lachine,37915,93.14,2570.13,20,10,20493.11,40.00142822,0.688564278,-402323.373,174435.9278,12.9,1134.61
234,1.07,2.24E-05,1.36E-06,42.3,1.66,-0.19,0,99.97,89.27,4620326.01,1111.1,LaSalle,39102,1142.64,2724.64,20,20,19923.53,677.6069656,0,-400647.6779,174288.1157,10.7,3211.6
235,0,2.21E-05,0.00E+00,37.87,0.89,-0.2,0,100,86.05,4620610.07,7815.7,Montréal-Nord,23885,616.63,742.48,25,15,4887.69,255.6060351,0.276021732,-398896.954,194118.6232,13.95,554.3
236,1.85,3.02E-05,6.78E-21,37.76,0.6,-0.19,0.04,99.42,87.95,4620225,2150.5,Villeray-Saint-Michel-Parc-Extension,38907,477.77,3788.11,5,5,11366.03,26.54471705,28.01765925,-401078.3148,184438.1337,11.47,38.35
237,0,2.75E-05,0.00E+00,38.22,0.82,-0.28,0,100,81.31,4620453.02,744,Pointe-Claire,66088,186.61,2646.19,20,20,26394.12,314.863714,0,-415517.4952,178009.1913,18.69,445.76
238,2.38,3.17E-05,6.78E-21,38.32,0.71,-0.19,2.28,100,79.44,4620267,5626.7,Ahuntsic-Cartierville,38918,832.8,2116.1,10,10,11829.98,294.7230574,0.001145315,-402581.2778,185172.7562,20.56,365.26
239,0.4,2.37E-05,0.00E+00,40.1,0.35,-0.21,0,100.02,84.55,4620326.01,1111.1,LaSalle,39102,1021.05,2679.34,15,15,19473.35,488.7710633,0,-400256.9749,174614.7705,15.47,862.36
240,0,2.91E-05,0.00E+00,34.89,0.62,-0.22,1.9,90.23,84.38,4620056/4620061,5381.4,Ville-Marie,46569.38,88.31,1153.91,10,10,11945.89,343.5015802,1.512514158,-395946.0189,181096.1861,5.85,550.18
241,0.15,2.75E-05,0.00E+00,39.31,0.81,-0.23,0,96.48,84.74,4620433,233,Dorval,52476,188.48,2498.47,15,15,22880.68,532.4961298,0,-412465.2872,179785.7501,11.74,2235.29
242,0.03,3.02E-05,0.00E+00,37.67,1.48,-0.19,0,99.05,81.83,4620604.04,4562.6,Saint-Léonard,47867,796.11,2012.66,30,30,6419.43,734.3160823,0.025196997,-399713.1782,190337.5849,17.22,2863.16
243,0.73,2.10E-05,0.00E+00,38.88,0.81,-0.2,0,82.73,82.73,4620395.01,357.4,Lachine,23621,495.08,1124.13,20,20,21949.14,245.778491,1.353302295,-405217.1024,174450.5589,0,297.33
244,1.36,3.96E-05,0.00E+00,36.86,0.62,-0.12,0,100,80.02,4620570,314.5,Montréal-Est,38802,296.11,3811.99,10,10,277.7,744.6468556,0,-393818.9448,194272.7556,19.98,3549.59
245,0.42,2.25E-05,3.39E-21,31.85,0.87,-0.17,0,94,80.25,4620500,122.4,Senneville,70925,217.88,488.32,20,20,38800.03,859.3248011,0,-427692.167,174031.6284,13.75,1471.71
246,0,2.11E-05,6.78E-21,37.16,1.17,-0.18,0,99.98,79.54,4620093,4409.7,Le Sud-Ouest,36328,594.27,3052.11,15,15,18153.07,7.363545544,28.47814479,-399553.1074,175756.4187,20.44,76.51
247,2.14,2.91E-05,0.00E+00,35.51,0.52,-0.23,7.5,97.8,86.14,4620062,3006,Ville-Marie,39946,297.49,1421.18,15,10,12606.46,257.5363231,1.057591376,-396357.7366,180530.5627,11.66,488.58
248,0,3.17E-05,0.00E+00,39.21,0.74,-0.18,0,99.6,82.47,4620415.06,427.7,Saint-Laurent,76204,393.47,3561.4,15,15,18547.91,734.8954367,0,-407452.6512,180546.5585,17.13,1069.48
249,2.14,2.23E-05,6.78E-21,38.73,1.21,-0.18,3.65,97.7,82.32,4620402,691.6,Mont-Royal,59971,672.23,6268.74,15,10,16585.34,867.0936889,0,-403654.5177,179849.9969,15.38,1186.68
