fid,%canopy,NO2_mean,NO2_stdev,LST_mean,LST_stdev,NDVImean,road_dens_sum,Road%,Imp%,BD,MayNO2_mean,OctNO2_mean
1,0,3.17E-05,0,38.56572914,0.2896070326,-0.1583761433,0,0,100.000836,95.04521437,6.47E-05,6.74E-05
10,0.437270095,2.10E-05,0,39.24216747,0.5213831462,-0.1759434804,0,0,100.0029767,75.15492999,6.68E-05,6.86E-05
100,36.52829774,3.17E-05,0,32.77366769,0.8685713891,0.1565932988,1276,8.85618619,69.46831315,15.34563297,5.38E-05,6.77E-05
101,9.376345304,2.74E-05,3.39E-21,34.36143231,0.09256878295,0.007277040104,2874,19.94642221,39.19881441,17.28828731,3.66E-05,7.03E-05
102,0.2568159701,3.02E-05,0,35.63338304,0.3869824644,-0.1956274401,0,0,98.58956865,11.67471518,6.31E-05,6.47E-05
103,13.29040339,2.65E-05,0,31.82953298,0.4145303959,0.1449522096,1485,10.30613526,21.52837144,10.88216841,3.65E-05,6.27E-05
104,44.3039383,2.91E-05,0,31.05024576,0.2111230208,0.1209618566,1510,10.48080007,28.27039648,14.43018764,6.19E-05,6.58E-05
105,29.87172651,2.75E-05,0,32.13059163,0.2520044297,0.1265137492,2082,14.45003127,28.49751604,11.36152795,3.96E-05,7.62E-05
106,75.62888284,2.91E-05,0,30.57381821,1.428099733,0.2701874696,0,0,33.3097475,10.95980231,6.59E-05,6.58E-05
107,47.14067508,3.17E-05,0,32.97786164,0.2683365832,0.0991742216,1932,13.4092733,32.87770581,14.33931607,5.04E-05,6.90E-05
108,19.98298135,3.02E-05,0,35.20461226,0.2178752212,-0.0232104922,4037,28.02059594,56.67281789,16.49862684,6.77E-05,6.63E-05
109,23.98834788,3.96E-05,0,33.61051607,0.2409947574,-0.01433107314,2682,18.61595747,63.2192918,12.59110621,6.55E-05,6.03E-05
11,25.22300767,2.10E-05,0,34.31112504,0.3886092712,0.1493224384,992,6.885311945,32.92039773,4.69200693,6.74E-05,6.77E-05
110,10.31458052,3.26E-05,2.03E-20,34.93811488,0.1464368055,-0.09227611239,2327,16.15210557,76.38758993,9.738463305,5.62E-05,6.10E-05
111,19.77970773,2.67E-05,1.02E-20,33.24876809,0.3191667084,0.08798940431,2069,14.35937378,26.53950959,11.54163296,4.11E-05,6.98E-05
112,0.1665883378,3.86E-05,1.36E-20,39.08850789,0.1716096868,-0.1810278448,0,0,93.99746958,58.63909489,5.28E-05,5.89E-05
113,8.787288092,2.91E-05,0,32.23611569,0.4334480508,-0.1065301273,0,0,77.07270693,55.47235895,6.72E-05,6.53E-05
114,0.4025376119,2.66E-05,1.02E-20,33.25950575,0.3588435547,-0.2270788065,0,0,95.49163797,58.38183433,3.67E-05,7.39E-05
115,0.4927727155,2.75E-05,0,37.81225634,0.8792627403,-0.1739495757,627,4.35166891,88.85871939,58.95227388,4.59E-05,7.81E-05
116,0.5275183861,3.78E-05,2.71E-20,38.33236504,0.6702328749,-0.1972676217,0,0,99.98555727,58.56148189,5.39E-05,5.69E-05
117,4.789395269,3.95E-05,1.52E-07,36.06642556,0.723817486,-0.140112231,1687,11.70972438,89.8740434,55.84851353,5.86E-05,6.15E-05
118,0.2637347047,2.75E-05,0,36.67865634,0.4953959937,-0.1941104127,401,2.783095173,93.77850869,55.17607638,4.28E-05,7.23E-05
119,4.386663212,2.82E-05,0,39.83646274,0.7060084722,-0.1803971806,10,0.06940922804,87.95537378,59.66417243,6.48E-05,5.78E-05
12,16.72750586,2.83E-05,1.06E-06,32.82016778,0.7945965041,0.01314783003,121,0.8398457301,76.85629562,68.20796686,6.16E-05,6.67E-05
120,0,3.05E-05,3.39E-21,37.55733752,1.335658094,-0.1554061773,0,0,100.0228108,59.10722759,6.78E-05,6.38E-05
121,8.731765946,2.91E-05,0,37.30851316,0.2861035337,-0.1316209254,2064,14.32620422,81.68851623,56.08320258,6.78E-05,6.75E-05
122,0.2498728927,2.93E-05,6.78E-21,39.67063117,0.5322561788,-0.1986276093,0,0,99.9699798,51.88332979,5.49E-05,6.49E-05
123,3.636870783,3.17E-05,0,37.08805537,1.05134063,-0.1319942348,819,5.684345747,77.18633584,51.40897308,5.46E-05,7.07E-05
124,1.089736898,3.91E-05,6.78E-21,37.30870962,0.5543265885,-0.1460367434,0,0,100.0128596,50.30142228,6.00E-05,6.24E-05
125,3.095400624,2.74E-05,6.78E-21,37.63362026,0.4866246751,-0.1480671064,0,0,69.63957369,51.35866507,4.07E-05,6.71E-05
126,8.301274535,3.02E-05,0,38.56337953,1.139389616,-0.1313314957,1854,12.8683637,89.67597574,49.33566839,7.04E-05,6.70E-05
127,0.3192726392,2.10E-05,0,39.04712462,0.2798648398,-0.1789435301,2,0.01388141909,96.95477166,54.76219833,6.37E-05,6.22E-05
128,8.946959893,2.91E-05,0,37.25749302,0.489561812,-0.1481550457,2186,15.17304447,84.54148293,51.67580792,6.86E-05,6.82E-05
129,2.228072552,2.92E-05,1.02E-20,36.89206958,0.3827742815,-0.1686972889,2170,15.0620481,99.44422261,52.50199622,6.37E-05,6.61E-05
13,8.363779811,2.85E-05,3.39E-21,32.73849821,0.9587633291,-0.1975103921,0,0,87.62187248,63.48143581,6.29E-05,6.69E-05
130,0.04164363276,2.25E-05,0,39.20735431,0.5491250705,-0.2015126588,0,0,100.0280059,52.38769001,5.18E-05,6.31E-05
131,6.45513377,3.02E-05,3.39E-21,37.81214595,0.8299415039,-0.1687830336,1591,11.04313745,85.52705195,49.28806979,5.66E-05,5.72E-05
132,9.634063194,2.91E-05,0,34.14368534,0.6391377511,-0.1215863206,68,0.4719858049,95.6187713,54.81976305,6.71E-05,6.22E-05
133,0.06940773604,3.17E-05,0,36.5013392,0.2020528784,-0.1972675306,4168,28.92914438,92.187355,50.34143095,6.21E-05,7.05E-05
134,2.436051867,2.75E-05,2.52E-08,36.39063191,0.4239086993,-0.161785122,210,1.457466929,86.12241487,48.04088611,3.51E-05,7.43E-05
135,8.412463804,2.86E-05,3.06E-07,35.08417964,1.450749293,-0.1625582589,2,0.01388195347,86.74138627,46.01867576,6.07E-05,5.87E-05
136,1.978236541,3.96E-05,0,33.78427958,1.047304079,-0.1765560363,0,0,98.60641509,47.88720665,5.46E-05,6.12E-05
137,8.301274535,3.02E-05,0,38.56337953,1.139389616,-0.1313314957,1854,12.8683637,89.67597574,49.33566839,7.04E-05,6.70E-05
138,9.627041389,2.91E-05,0,32.12559271,0.7909312715,-0.1131261557,994,6.899263981,95.93030933,45.56707045,6.19E-05,6.58E-05
139,3.706052224,2.65E-05,0,35.66367745,0.819649428,-0.1844381351,0,0,92.74846802,48.65755083,3.65E-05,6.27E-05
14,14.83948515,3.11E-05,0,33.54554033,0.4507003729,0.2442998682,0,0,18.6222351,1.124413748,6.74E-05,6.77E-05
140,1.159114967,2.10E-05,1.35E-08,35.63241291,0.5174188419,-0.1435077642,1641,11.38986624,77.34142564,45.42064878,5.78E-05,5.83E-05
141,0.3886455551,2.65E-05,0,34.22314548,0.5537989745,-0.1034796944,517,3.588031285,81.78212895,48.78195726,3.26E-05,5.51E-05
142,0,3.87E-05,4.97E-07,37.1638999,0.4064118869,-0.1875939125,0,0,99.97894857,47.76833685,5.97E-05,6.12E-05
143,15.49204019,2.17E-05,0,34.90068007,0.5517218417,-0.0743377334,757,5.254244815,69.08950183,45.08794494,6.52E-05,6.71E-05
144,6.45513377,3.02E-05,3.39E-21,37.81214595,0.8299415039,-0.1687830336,1591,11.04313745,85.52705195,49.28806979,5.66E-05,5.72E-05
145,0.06246782543,3.02E-05,0,38.8451457,0.6451669812,-0.1768711241,1454,10.09202424,100.0109885,49.1205334,5.88E-05,6.47E-05
146,0,3.02E-05,0,38.98471093,0.4121289079,-0.2029899277,138,0.9578585584,98.60390348,39.93853728,6.34E-05,6.28E-05
147,1.443555164,2.92E-05,3.39E-21,33.41267991,0.8596516321,-0.1076020582,0,0,99.95231474,39.2258355,3.85E-05,5.98E-05
148,3.609017247,2.75E-05,0,35.34332085,0.2187769667,-0.1099899086,2337,16.21975636,63.32437186,41.1358562,3.97E-05,7.73E-05
149,0.6801884247,2.65E-05,0,34.01689768,0.7147612895,-0.02501621579,1194,8.287193664,94.13668984,41.24162877,3.34E-05,5.66E-05
15,1.11051489,3.05E-05,3.39E-21,39.30712938,0.2932482202,-0.1383447306,0,0,98.28750847,51.46542443,6.78E-05,6.38E-05
150,27.79870313,2.91E-05,0,35.31416106,0.2808869723,-0.011776498,2622,18.19930078,70.35397127,40.2022693,6.13E-05,6.86E-05
151,0.2429321374,2.21E-05,0,38.41552091,0.349047515,-0.1792343431,2547,17.67851868,99.99780866,44.81056797,4.50E-05,6.20E-05
152,0.01388186332,2.10E-05,0,37.30792403,0.7015533287,-0.1156491403,1436,9.967177861,76.66259016,41.47206666,6.48E-05,6.37E-05
153,11.29973537,3.02E-05,0,36.27892232,0.3172420562,-0.1035444337,3472,24.09869854,70.36653393,39.80588598,6.71E-05,6.84E-05
154,2.866632741,3.91E-05,1.36E-20,38.43096089,0.5244266268,-0.08604490638,1327,9.210706168,99.99897797,43.00643212,6.00E-05,6.24E-05
155,5.691021611,2.65E-05,0,35.75462437,0.4795219142,-0.110279325,1965,13.63763106,78.01557797,40.08700101,4.04E-05,6.66E-05
156,10.59172653,2.82E-05,0,36.97212911,0.1663923932,-0.1034108277,2325,16.13746015,77.38345942,35.06513921,4.96E-05,5.66E-05
157,0,3.02E-05,0,38.98471093,0.4121289079,-0.2029899277,138,0.9578585584,98.60390348,39.93853728,6.34E-05,6.28E-05
158,1.443555164,2.92E-05,3.39E-21,33.41267991,0.8596516321,-0.1076020582,0,0,99.95231474,39.2258355,3.85E-05,5.98E-05
159,0.589954967,2.16E-05,0,37.54495549,0.4202089326,-0.1778862483,498,3.456442042,98.00193099,39.92259965,5.17E-05,6.17E-05
16,0.6663109795,2.23E-05,6.78E-21,40.04657984,0.4171180212,-0.1854101115,664,4.608650941,98.87083232,66.41593503,6.54E-05,6.55E-05
160,0,2.42E-05,0,36.26480675,0.6209780827,-0.1681883044,0,0,99.99994627,37.8886526,5.51E-05,6.75E-05
161,5.260807463,2.75E-05,0,38.03354239,0.4451447153,-0.1650122674,2677,18.57939522,77.90575696,36.76318883,4.08E-05,7.26E-05
162,20.86485129,2.91E-05,0,35.66002131,0.1314275409,-0.07126599315,2668,18.5187702,67.32836243,35.21898051,6.35E-05,6.57E-05
163,18.62267749,2.91E-05,0,35.6423521,0.6725457633,-0.07990682162,324,2.248880919,91.10744117,38.84178278,6.42E-05,6.16E-05
164,8.280368551,3.16E-05,6.78E-21,36.77537417,0.2184343684,-0.1179713225,2219,15.40162432,68.41541728,36.15460166,6.19E-05,6.84E-05
165,8.939862559,2.21E-05,0,37.3167181,0.7167706877,-0.1080951568,4331,30.06098194,97.63051766,35.27358814,5.12E-05,6.15E-05
166,13.81895289,2.10E-05,2.92E-08,35.08487415,0.5060198001,-0.06155611628,1763,12.23647109,56.41408794,29.72011867,5.88E-05,5.50E-05
167,23.21767366,2.91E-05,0,35.30712867,0.2415571717,-0.04058844776,3537,24.5503473,74.21326359,36.46805901,6.13E-05,6.82E-05
168,5.580455422,3.02E-05,0,37.29666543,0.1710594344,-0.05925863906,2173,15.08249954,98.74074481,31.42129564,6.77E-05,6.93E-05
169,1.721409301,3.96E-05,0,35.19506788,1.025955816,-0.2008746811,0,0,99.98750395,34.75442085,5.28E-05,5.61E-05
17,11.84107814,3.02E-05,0,35.44581509,0.1728581452,-0.006045570476,3071,21.31532881,41.72834804,14.5480069,6.35E-05,6.52E-05
170,0.8189523345,2.65E-05,0,35.90065479,0.7898413845,-0.246938542,28,0.1943276726,98.03137055,33.44518051,4.05E-05,6.17E-05
171,16.44259128,3.17E-05,0,34.86859107,0.1815365348,-0.02694985713,2322,16.11637693,62.05013339,31.44151054,5.96E-05,6.82E-05
172,6.503594606,2.21E-05,0,36.14213538,0.5904249635,-0.09567575899,3067,21.28764638,70.03337201,34.35730342,4.35E-05,5.97E-05
173,3.768870686,2.82E-05,0,37.08616376,0.1223786506,-0.1667732335,2788,19.35103402,94.67986193,29.27642091,4.96E-05,5.66E-05
174,5.434612293,2.23E-05,6.78E-21,38.00585508,0.671795555,-0.1033336602,1224,8.495485883,96.33769939,32.18428761,6.54E-05,6.55E-05
175,10.68134492,2.75E-05,0,35.74543858,0.6678060574,-0.06781747548,1510,10.48007202,64.99032739,31.21118136,4.27E-05,7.76E-05
176,23.35613004,2.97E-05,2.41E-07,34.94338131,0.1436647843,-0.0629105448,3895,27.03480728,69.15913216,29.13095922,5.92E-05,6.65E-05
177,2.05430383,2.65E-05,0,34.88989234,0.5601135924,-0.02221449886,1290,8.952878178,44.33409752,29.71106316,4.05E-05,6.37E-05
178,15.40844136,2.10E-05,0,36.45909357,0.3622287464,-0.07727909615,43,0.298451792,74.95998497,29.30380153,5.92E-05,6.18E-05
179,0,3.96E-05,0,39.45924067,0.951191663,-0.2159809756,0,0,100.0087387,94.63625369,5.45E-05,5.53E-05
18,3.345507555,3.02E-05,0,38.20588756,0.4573351573,-0.1772055924,111,0.7704384619,98.08167483,70.15848625,7.05E-05,6.67E-05
180,0,2.78E-05,6.78E-21,39.17240024,0.3261500727,-0.2183778809,0,0,90.93543669,90.93543669,5.84E-05,6.81E-05
181,1.068895259,2.24E-05,1.36E-06,42.3040626,1.655989942,-0.1860692658,0,0,99.96947027,89.27357679,6.00E-05,5.89E-05
182,0.3539477209,2.65E-05,0,35.46277285,1.18010006,-0.2296762641,0,0,98.98043912,94.21949527,3.32E-05,5.89E-05
183,0,3.17E-05,0,40.35418916,1.723683567,-0.2208232793,0,0,99.98701502,93.01860164,5.47E-05,6.61E-05
184,0.1249392283,3.02E-05,0,31.84907007,0.2841598177,0.07483367973,0,0,99.97914689,91.21951877,6.97E-05,6.43E-05
185,0,3.95E-05,2.03E-20,39.34067416,0.6533754326,-0.2013859138,0,0,99.95266044,89.94351208,5.47E-05,6.11E-05
186,0,3.02E-05,6.78E-21,43.60169148,1.060575888,-0.2343522466,0,0,100.0378047,93.79802215,6.37E-05,6.79E-05
187,0.09022862402,2.10E-05,1.36E-20,41.68961835,1.164625521,-0.1980211549,0,0,100.0149594,95.05932573,6.78E-05,6.73E-05
188,0,3.10E-05,0,39.3256402,0.9494627044,-0.1509279284,0,0,99.986357,99.986357,6.43E-05,6.47E-05
189,0,2.75E-05,1.69E-20,41.59612823,0.7313368486,-0.2253090609,0,0,99.67700974,98.51789403,4.94E-05,5.53E-05
19,5.878308313,2.65E-05,0,34.28804183,0.4932354605,-0.1190598055,0,0,84.87111258,58.26257177,3.32E-05,5.89E-05
190,0.5830304476,2.10E-05,0,42.1798594,1.272151387,-0.2049154935,0,0,99.99666261,93.24322659,5.59E-05,5.99E-05
191,0.3886946997,3.01E-05,6.78E-21,39.31349349,0.4965832184,-0.1645343219,595,4.129881184,99.82512804,64.96754266,7.13E-05,6.76E-05
192,0,3.96E-05,0,38.89290357,0.8640125109,-0.2128299249,0,0,99.98111024,65.63603016,5.45E-05,5.53E-05
193,0.2706910115,3.17E-05,0,39.53516078,1.566566954,-0.2303168194,0,0,99.87110167,66.6455152,7.01E-05,6.82E-05
194,2.901345409,3.95E-05,6.78E-21,36.63166857,0.3417207622,-0.1511080559,0,0,98.59715677,65.53708935,5.93E-05,6.20E-05
195,3.775830487,2.21E-05,0,38.56632185,1.803140146,-0.1136428748,0,0,84.89371817,66.86135125,4.34E-05,6.04E-05
196,1.055023655,2.11E-05,6.78E-21,39.03560376,0.4996421522,-0.1619710409,0,0,96.25008567,66.74412806,6.36E-05,5.85E-05
197,0,2.23E-05,6.78E-21,39.66506076,0.3263242743,-0.1808620325,0,0,99.11902061,65.65134206,5.52E-05,6.70E-05
198,0.3331457441,2.92E-05,6.78E-21,39.85454822,0.4221047638,-0.1937852888,0,0,96.27217951,69.19714726,5.15E-05,6.75E-05
199,6.912325047,2.08E-05,2.37E-06,33.6702888,0.5493973007,-0.1817030122,0,0,100.0135705,68.88728757,3.11E-05,5.48E-05
2,1.103564128,3.06E-05,6.78E-21,38.39654255,0.281768847,-0.1330258087,875,6.07307303,95.1980225,40.90127928,6.41E-05,6.71E-05
20,0,3.93E-05,2.03E-20,39.12395215,0.9520726644,-0.1915831651,0,0,100.0149978,99.82758685,6.25E-05,6.09E-05
200,0.4164697141,3.93E-05,2.03E-20,37.44481301,0.4467767539,-0.1622731014,0,0,100.0013195,65.29551001,6.25E-05,6.09E-05
201,2.2904567,3.17E-05,0,39.42828131,0.9348844624,-0.1720425897,730,5.066767851,99.93331988,68.91498355,6.64E-05,7.00E-05
202,3.033191076,3.02E-05,0,39.68689156,0.6685134537,-0.1666995411,2139,14.84667211,94.34126569,62.80857219,5.61E-05,6.75E-05
203,8.536864534,2.92E-05,6.78E-21,38.93695855,0.4363193349,-0.1493648991,0,0,81.59299143,61.20168412,5.15E-05,6.75E-05
204,0.02082225608,3.17E-05,0,38.65562153,0.3661097994,-0.1842287297,1595,11.07049948,100.009296,61.45341845,6.02E-05,6.86E-05
205,0,2.44E-05,3.39E-21,40.97002864,0.7006841536,-0.2135869505,0,0,99.96246421,64.66118015,5.38E-05,6.46E-05
206,3.387230065,2.91E-05,0,38.46388674,0.4186193192,-0.201919566,2022,14.03479343,95.83501129,61.94882855,7.20E-05,6.76E-05
207,0.09022164959,2.65E-05,0,36.1603303,0.523003674,-0.1288868589,0,0,99.99334826,63.14127446,3.34E-05,5.66E-05
208,4.386663212,2.82E-05,0,39.83646274,0.7060084722,-0.1803971806,10,0.06940922804,87.95537378,59.66417243,6.48E-05,5.78E-05
209,4.705505775,2.49E-05,0,38.82730985,0.9026077944,-0.1598703393,0,0,88.27334506,61.34508192,3.79E-05,6.84E-05
21,0,2.97E-05,3.39E-21,34.38530207,0.8330661286,-0.261745228,0,0,100.0346772,80.57192153,6.71E-05,6.38E-05
210,0.01388203522,3.95E-05,1.36E-20,38.40594697,0.5058965447,-0.1755892295,681,4.726832993,99.06914436,62.73985818,5.93E-05,6.20E-05
211,0.7496196591,3.02E-05,0,40.2317028,0.5400380545,-0.2115459912,1136,7.884888266,99.96316973,78.84888266,7.11E-05,6.76E-05
212,2.380685334,3.17E-05,6.78E-21,38.32053399,0.7068931,-0.1900724812,328,2.27657373,100.0026656,79.44409425,6.36E-05,6.88E-05
213,0.4789166523,2.10E-05,0,37.6957233,0.6366860983,-0.2106006263,0,0,100.0033496,75.30096754,6.74E-05,6.77E-05
214,0,3.10E-05,0,40.14209294,0.8758039653,-0.1952009954,0,0,100.0142554,75.12348434,6.43E-05,6.47E-05
215,0.2568181652,3.43E-05,2.03E-20,40.64170647,0.3902312375,-0.2252702939,0,0,100.0063818,76.33052333,6.33E-05,6.08E-05
216,0.05552716713,2.21E-05,4.69E-09,37.8415091,0.5093752598,-0.1777124002,31,0.2151677726,99.96278262,78.39047819,5.10E-05,6.29E-05
217,0,3.17E-05,0,39.3082242,0.8672870921,-0.2043769942,0,0,100.0003012,75.62488074,5.50E-05,6.95E-05
218,0.2568076676,3.17E-05,1.36E-20,36.62752557,0.09913847501,-0.1752675355,8,0.05552598218,100.0022939,77.80578252,6.76E-05,6.63E-05
219,0,2.11E-05,6.78E-21,37.16498995,1.167654154,-0.1820814186,0,0,99.98386321,79.54287208,5.74E-05,5.96E-05
22,0.4581145024,2.91E-05,0,36.00031686,0.4222654348,-0.232803426,486,3.373388608,97.29380272,80.8155629,5.53E-05,6.47E-05
220,0.4580642751,2.75E-05,0,38.05200934,0.3947313509,-0.2174454439,0,0,97.50522729,78.30122957,3.80E-05,7.25E-05
221,3.678698506,2.46E-05,3.39E-21,38.82342315,1.075829984,-0.1043858516,681,4.726780533,92.90448963,74.69146155,5.37E-05,6.66E-05
222,1.131280568,2.75E-05,0,37.88772273,0.7125093513,-0.2047809445,265,1.839198469,78.87038267,74.84496715,4.28E-05,7.23E-05
223,0.7010260335,3.02E-05,0,34.52543569,0.123957851,-0.1934316536,0,0,99.04595543,73.06634708,6.77E-05,6.93E-05
224,2.415200096,2.65E-05,0,35.89658499,0.6824389784,-0.1503177342,0,0,79.47951581,71.14429939,4.05E-05,6.42E-05
225,3.137267065,2.12E-05,1.02E-20,35.22078943,0.4703552003,-0.09865534593,766,5.316695956,87.87124126,70.25534787,6.42E-05,6.70E-05
226,0.3956336226,2.91E-05,0,36.68994927,0.4117829995,-0.202686134,1840,12.77133098,95.14641577,74.08760154,6.23E-05,6.64E-05
227,0.3331457441,2.92E-05,6.78E-21,39.85454822,0.4221047638,-0.1937852888,0,0,96.27217951,69.19714726,5.15E-05,6.75E-05
228,0.6524359784,2.10E-05,6.78E-21,40.5202899,0.7188203711,-0.1649010817,1281,8.891175408,91.18139839,71.30292347,5.04E-05,5.73E-05
229,0.02776216081,2.25E-05,0,41.26122141,0.7705651373,-0.297320545,0,0,100.0201248,71.88317486,4.94E-05,5.61E-05
23,0,3.96E-05,0,39.89212871,0.5651021671,-0.2127042393,0,0,100.0073138,85.9932406,6.15E-05,6.05E-05
230,0.09716143683,2.65E-05,6.78E-21,34.4697876,0.3045907058,-0.1898182894,10,0.06940102631,93.62198449,70.58084375,3.26E-05,5.51E-05
231,4.074340128,3.02E-05,0,37.02402043,0.4168227097,-0.2093174365,903,6.267681662,96.36820842,73.9766901,6.43E-05,6.54E-05
232,0,2.66E-05,1.02E-20,37.6645081,0.4224424474,-0.2326204726,0,0,99.99605753,86.62901097,3.67E-05,7.39E-05
233,0.01388163382,2.10E-05,0,39.40699029,0.6165643477,-0.2056743036,347,2.408463467,99.61460427,86.71162563,6.01E-05,5.86E-05
234,1.068895259,2.24E-05,1.36E-06,42.3040626,1.655989942,-0.1860692658,0,0,99.96947027,89.27357679,6.00E-05,5.89E-05
235,0,2.21E-05,0,37.87245941,0.8853231972,-0.1987797743,0,0,100.0041737,86.04606753,4.35E-05,5.97E-05
236,1.853201596,3.02E-05,6.78E-21,37.75997543,0.5958656242,-0.1948499651,6,0.04164497969,99.42044819,87.94725628,6.12E-05,6.93E-05
237,0,2.75E-05,0,38.22422934,0.8184858105,-0.2821299922,0,0,99.99670795,81.30631827,3.62E-05,7.30E-05
238,2.380685334,3.17E-05,6.78E-21,38.32053399,0.7068931,-0.1900724812,328,2.27657373,100.0026656,79.44409425,6.36E-05,6.88E-05
239,0.4025717018,2.37E-05,0,40.09950542,0.3478679742,-0.2084608928,0,0,100.0182452,84.54699828,5.80E-05,5.80E-05
24,0,3.96E-05,0,34.91832423,0.3402617408,-0.152685006,0,0,99.99424299,10.85596252,5.71E-05,5.94E-05
240,0,2.91E-05,0,34.88720036,0.617042248,-0.2158974146,274,1.901842626,90.23340928,84.37517871,7.04E-05,6.75E-05
241,0.1526899628,2.75E-05,0,39.30831146,0.8092503559,-0.2329557222,0,0,96.47923515,84.73598892,4.59E-05,7.81E-05
242,0.02776344234,3.02E-05,0,37.67332172,1.483057493,-0.1891566586,0,0,99.04608054,81.82580543,6.19E-05,6.39E-05
243,0.7287749547,2.10E-05,0,38.88229752,0.8098945771,-0.2017421783,0,0,82.72636843,82.72636843,6.23E-05,5.44E-05
244,1.36044939,3.96E-05,0,36.86045027,0.6211919595,-0.1221634171,0,0,99.99997127,80.02357665,6.23E-05,6.34E-05
245,0.4233406772,2.25E-05,3.39E-21,31.85077322,0.874809761,-0.1742356205,0,0,93.99551037,80.25428839,2.75E-05,5.58E-05
246,0,2.11E-05,6.78E-21,37.16498995,1.167654154,-0.1820814186,0,0,99.98386321,79.54287208,5.74E-05,5.96E-05
247,2.137833465,2.91E-05,0,35.51440334,0.523604673,-0.2325380115,1081,7.503240182,97.79894003,86.14497123,7.23E-05,6.69E-05
248,0,3.17E-05,0,39.20537972,0.7423719772,-0.1808870929,0,0,99.59786556,82.46842081,5.50E-05,6.95E-05
249,2.137751625,2.23E-05,6.78E-21,38.73253083,1.207911658,-0.1844676172,526,3.650835567,97.69802556,82.31731906,6.54E-05,6.55E-05
25,0.2498781257,2.91E-05,0,35.07773256,0.44682456,-0.2472463505,1524,10.57817399,92.87137006,76.77505413,6.52E-05,6.45E-05
26,21.84352748,2.91E-05,0,36.0284164,0.4905872204,-0.07421597863,643,4.463103963,96.77925125,90.9556988,6.94E-05,6.38E-05
27,17.69944447,2.95E-05,2.92E-07,33.33897722,0.9968570536,0.0586528276,3104,21.54473554,61.4344247,5.740172774,6.66E-05,6.70E-05
28,1.020327582,3.78E-05,0,37.34066677,0.7473438834,-0.1553773154,135,0.9370355347,99.03424451,69.79179482,4.62E-05,5.49E-05
29,5.84430227,3.02E-05,0,34.74383521,0.2048916022,-0.1307433498,559,3.880005901,83.7984101,59.61604774,6.54E-05,6.73E-05
3,0,2.10E-05,0,35.97037792,0.1377577281,-0.04101951335,0,0,100.0087433,1.70047485,6.33E-05,6.21E-05
30,9.640978976,3.02E-05,0,32.87050343,0.7034890612,0.2499449724,1049,7.281056117,22.99536598,0,5.82E-05,6.68E-05
31,54.81947858,2.91E-05,0,28.60582948,0.3342613704,0.241877875,385,2.672258705,31.45630247,2.845781998,6.48E-05,6.51E-05
32,42.73839071,2.65E-05,0,29.55701184,0.1838431755,0.1717539647,1126,7.814782062,22.1812109,14.36642883,3.86E-05,6.14E-05
33,4.546226532,2.21E-05,0,34.47739005,0.2623161437,-0.02387745063,6058,42.04738981,67.04122453,3.553691579,5.43E-05,6.44E-05
34,0,3.95E-05,6.78E-21,42.34712911,0.7079356231,-0.2185166142,0,0,99.99937428,95.2031247,6.39E-05,6.09E-05
35,0.02776297471,2.23E-05,6.78E-21,40.53318334,0.7878572384,-0.1737846185,0,0,100.0161164,96.91360396,6.54E-05,6.55E-05
36,44.38859049,2.39E-05,2.54E-06,26.50307226,0.4587880228,0.4213869348,0,0,1.138168987,1.138168987,3.05E-05,5.77E-05
37,46.26907719,2.03E-05,1.30E-06,31.18462372,1.714412874,0.02689286155,0,0,58.7958035,22.7563078,2.69E-05,5.48E-05
38,20.723167,2.65E-05,0,31.26272154,1.471489497,0.01705114756,343,2.380457563,73.09323339,44.59714373,3.33E-05,5.66E-05
39,9.223301464,1.95E-05,0,32.81168699,0.3346814952,-0.04177814104,2463,17.09329684,56.87355568,24.01250795,2.76E-05,4.55E-05
4,13.55526409,2.10E-05,0,35.39314508,0.5352047379,0.0005922153884,813,5.642821149,42.80354001,34.23172682,6.39E-05,6.24E-05
40,37.10884031,2.92E-05,0,31.05073941,0.3494928648,0.1722154177,0,0,3.921169773,3.921169773,3.42E-05,5.17E-05
41,9.959112202,2.92E-05,0,29.93968296,0.6058329629,0.1503537197,0,0,21.87534611,9.008311943,3.49E-05,5.18E-05
42,22.84052716,2.75E-05,1.02E-20,33.69212961,0.4591589199,0.07823501715,2586,17.94761569,37.45679887,16.3166452,3.47E-05,7.42E-05
43,79.51676832,2.75E-05,0,28.56040466,1.008562778,0.339892697,146,1.013306116,4.608460693,3.574333218,5.08E-05,7.72E-05
44,0,2.71E-05,3.39E-21,35.82163548,0.2263662872,0.0328308983,0,0,3.456393039,3.456393039,5.41E-05,6.75E-05
45,5.136011736,2.75E-05,0,40.82380986,0.877880036,-0.1785503867,0,0,64.852559,50.45090447,4.84E-05,6.83E-05
46,0,2.21E-05,1.02E-20,38.43401599,0.556933994,-0.171798255,0,0,99.97679199,97.84593423,5.09E-05,6.32E-05
47,0,3.96E-05,0,40.92844152,1.131717167,-0.2066988316,0,0,99.99444644,99.99444644,5.51E-05,6.13E-05
48,0,3.05E-05,3.39E-21,39.27575874,0.2542996009,-0.2082025784,0,0,100.0158699,96.10130007,6.78E-05,6.38E-05
49,0.02776419955,2.91E-05,0,39.71572804,0.5111712529,-0.2782710881,6501,45.12376533,99.9788826,96.09883571,7.01E-05,6.63E-05
5,11.97973079,2.10E-05,0,34.63358331,0.2740283644,-0.002564073535,1677,11.63963415,49.28625049,30.66422401,6.39E-05,6.24E-05
50,0,3.78E-05,0,40.3373282,0.7296797053,-0.2194103454,0,0,99.11925188,94.96845968,5.22E-05,5.83E-05
51,0,3.38E-05,0,38.34978032,1.249810702,-0.1597250217,0,0,99.34286328,99.23874485,3.77E-05,4.97E-05
52,0.0347053874,3.09E-05,3.17E-07,37.64298439,0.6910175279,-0.1928787643,0,0,100.0209265,89.5398995,6.52E-05,6.46E-05
53,0,3.10E-05,0,39.3256402,0.9494627044,-0.1509279284,0,0,99.986357,99.986357,6.43E-05,6.47E-05
54,0,3.26E-05,1.36E-20,40.44809771,0.5945405142,-0.2343605995,0,0,100.0086023,84.32846397,5.62E-05,6.10E-05
55,0.8467454234,2.75E-05,1.36E-20,39.46807408,0.4751329222,-0.2425010883,12,0.08328643509,98.91652275,80.82948526,4.85E-05,6.90E-05
56,0,3.17E-05,0,41.31623077,0.3871169156,-0.1682643223,0,0,100.0075991,98.73052236,6.46E-05,6.95E-05
57,0,3.17E-05,0,40.97848916,0.5235634497,-0.1860716147,0,0,99.99377704,95.27414294,6.46E-05,6.95E-05
58,9.800608226,3.02E-05,0,35.56199789,0.1831721264,-0.0490195322,2581,17.91456787,50.53004808,28.40232922,5.82E-05,6.68E-05
59,23.21767366,2.91E-05,0,35.30712867,0.2415571717,-0.04058844776,3537,24.5503473,74.21326359,36.46805901,6.13E-05,6.82E-05
6,9.612971553,2.10E-05,0,34.66169739,0.0869986737,0.07840894646,1284,8.911953411,66.18027708,5.649789779,6.55E-05,6.46E-05
60,0,3.96E-05,0,37.6662569,0.2543663604,-0.2221098446,1205,8.36411689,99.99457919,29.19458559,5.59E-05,6.10E-05
61,12.64653424,3.15E-05,6.78E-21,35.52622223,0.2169726075,-0.1007973671,4304,29.87414016,71.9367074,25.45965291,5.60E-05,5.65E-05
62,7.68298713,2.75E-05,0,36.91742063,0.5996901038,-0.1402707106,1478,10.25786357,80.12654599,25.81816813,3.80E-05,7.25E-05
63,32.72595156,2.10E-05,0,35.36364698,0.4059858191,0.01635241778,1348,9.356221146,65.8961154,25.60467345,6.01E-05,5.86E-05
64,14.39426772,2.50E-05,2.52E-08,35.23214936,0.4735350345,-0.07434667086,0,0,69.86841521,27.6364388,4.31E-05,6.12E-05
65,23.35613004,2.97E-05,2.41E-07,34.94338131,0.1436647843,-0.0629105448,3895,27.03480728,69.15913216,29.13095922,5.92E-05,6.65E-05
66,13.96514573,2.10E-05,0,36.197155,0.5350954247,-0.1258157275,2120,14.71476588,75.37152955,41.4928634,6.48E-05,6.37E-05
67,0.402580895,3.96E-05,0,34.60723877,0.1683428892,-0.09257272476,0,0,94.01652109,27.83361016,6.35E-05,6.16E-05
68,15.40844136,2.10E-05,0,36.45909357,0.3622287464,-0.07727909615,43,0.298451792,74.95998497,29.30380153,5.92E-05,6.18E-05
69,28.66590066,2.91E-05,0,33.6434679,0.2715848341,0.02315435132,2901,20.13553942,49.90504256,24.63324006,6.16E-05,6.66E-05
7,22.93335111,3.16E-05,0,32.25608671,0.6314984355,0.01553868121,2080,14.43746075,38.7798525,20.77467309,7.35E-05,5.92E-05
70,1.41596019,3.78E-05,0,36.05547142,0.2010049393,-0.04861278871,1735,12.0426026,38.51550538,22.08620258,4.66E-05,5.48E-05
71,4.886295522,2.10E-05,0,33.30550265,0.1447177862,-0.07745738332,496,3.4426173,56.82400773,22.41865701,6.39E-05,6.24E-05
72,1.908503069,2.25E-05,3.39E-21,30.47848547,0.4364350112,0.1017364921,0,0,22.24273577,22.24273577,2.75E-05,5.58E-05
73,6.593821811,2.21E-05,6.78E-21,36.62213469,0.8535177186,-0.06367531246,3526,24.47349022,54.60378546,22.59945665,5.39E-05,6.44E-05
74,11.11896279,2.24E-05,0,34.56202483,0.4008356214,-0.05725743184,1802,12.50709797,47.38399436,24.52140795,4.94E-05,5.33E-05
75,37.75096097,2.10E-05,0,33.12112594,0.1345316411,0.08535715192,1315,9.127139857,33.62119047,19.68408261,5.71E-05,5.84E-05
76,14.11806734,2.91E-05,0,34.99981952,0.5292947049,-0.05874405247,1063,7.378321329,68.09156372,20.10124042,6.66E-05,6.65E-05
77,7.274157962,3.02E-05,0,35.18818784,0.1665694387,-0.05508684069,2157,14.97171634,54.45901085,24.55028312,6.66E-05,6.61E-05
78,25.92398375,3.11E-05,0,34.38745403,0.2265476354,0.0327976136,2072,14.38139072,43.55368086,21.51655947,6.74E-05,6.77E-05
79,22.39794576,2.10E-05,0,34.6338253,0.08606490716,0.01683682177,2935,20.37123359,47.18352503,22.1966627,7.01E-05,6.60E-05
8,26.88288372,3.16E-05,0,33.30076718,0.4124819571,0.06104915793,1702,11.8137537,47.42160123,8.669435003,6.65E-05,6.03E-05
80,20.04575194,2.91E-05,0,34.15154719,0.3924675239,0.007755646765,2682,18.61589568,99.98582298,22.31547524,6.54E-05,6.52E-05
81,66.45358716,2.70E-05,6.78E-21,29.96750498,0.4005465731,0.2760363269,131,0.9091822369,47.60367147,7.669056273,3.50E-05,6.87E-05
82,15.73482198,2.10E-05,0,33.83370614,0.189961198,0.1381339974,1181,8.197099583,45.06669567,8.634370771,5.85E-05,5.85E-05
83,72.1188177,3.78E-05,0,29.64430332,0.9262168423,0.2473974542,723,5.018470183,11.80694022,6.60105829,5.28E-05,5.72E-05
84,40.68776763,2.91E-05,3.39E-21,32.34326899,0.8519060175,0.03221216648,193,1.339600674,32.92086009,16.23484962,6.32E-05,6.16E-05
85,10.31458052,3.26E-05,2.03E-20,34.93811488,0.1464368055,-0.09227611239,2327,16.15210557,76.38758993,9.738463305,5.62E-05,6.10E-05
86,99.36009249,2.28E-05,0,24.96074796,0.1283753406,0.4236914572,0,0,0,0,2.77E-05,5.73E-05
87,0.3678696185,2.11E-05,5.40E-08,35.34590244,0.09316868832,-0.196013935,97,0.6732708113,99.99806782,0,6.39E-05,5.89E-05
88,8.766447823,3.02E-05,0,35.71749926,1.095359557,-0.009200568787,0,0,50.55110015,2.575100667,6.18E-05,6.72E-05
89,1.429838418,2.82E-05,0,31.90452886,0.7873119565,0.1627928717,1704,11.82740128,18.1228549,0,6.01E-05,5.89E-05
9,39.64010001,2.91E-05,0,33.04124069,0.2738653475,0.1779223355,1212,8.4125024,28.26378694,4.102136071,6.78E-05,6.28E-05
90,40.9555888,2.75E-05,0,35.48215318,0.5804133364,-0.1406938344,0,0,97.90197179,0.2290348128,4.59E-05,7.81E-05
91,23.13172659,2.65E-05,0,32.30872226,0.3022158383,0.08508748287,2659,18.4540237,43.24446096,0.7148418357,3.87E-05,5.96E-05
92,19.98259931,2.10E-05,0,33.44546032,0.4621700115,0.03038948878,2735,18.9831223,42.03356076,17.42143948,6.43E-05,6.24E-05
93,4.26133505,2.65E-05,0,35.55856061,0.2057099343,-0.1823387323,962,6.676554264,95.42197982,18.8151129,3.97E-05,7.30E-05
94,9.286703533,3.17E-05,6.78E-21,34.38240743,0.3154971675,-0.07050983786,5145,35.71008197,72.90548125,15.45701702,6.17E-05,6.75E-05
95,12.86019299,2.65E-05,0,33.85632086,0.1531056361,0.06411385294,2037,14.13719002,29.69018111,15.0879976,3.97E-05,6.19E-05
96,37.75096097,2.10E-05,0,33.12112594,0.1345316411,0.08535715192,1315,9.127139857,33.62119047,19.68408261,5.71E-05,5.84E-05
97,29.84292725,2.92E-05,6.78E-21,32.19509184,1.028660294,0.06595527686,2021,14.02617581,37.74783287,15.21295268,4.06E-05,6.27E-05
98,40.21150518,2.65E-05,0,31.54047716,0.3369176581,0.1067981147,2310,16.03185657,35.15904129,18.3221218,3.71E-05,6.11E-05
99,30.82524379,3.03E-05,6.78E-21,33.19087434,0.2194801432,0.02803371772,3397,23.57877802,64.14232783,24.43946935,6.66E-05,6.24E-05