fid,%canopy,NO2_mean,NO2_stdev,LST_mean,LST_stdev,NDVImean,road_dens_sum,Road%,Imp%,BD,MayNO2_mean,OctNO2_mean,Income,road distance (meters),river distance (meters),petrochem_distance,Distance_M,Lat,Long,Households
1,0,3.17E-05,0,38.56572914,0.289607033,-0.158376143,0,0,100.000836,95.04521437,6.47E-05,6.74E-05,76204,343.94,4820.69,18758.93,1237.444546,-406699.3507,179516.9367,0
2,1.103564128,3.06E-05,6.78E-21,38.39654255,0.281768847,-0.133025809,875,6.07307303,95.1980225,40.90127928,6.41E-05,6.71E-05,76204,270.69,5229.31,18903.83,1413.417913,-406491.6573,179137.443,0
3,0,2.10E-05,0,35.97037792,0.137757728,-0.041019513,0,0,100.0087433,1.70047485,6.33E-05,6.21E-05,44361,1498.47,4769.63,18684,665.0789906,-404889.9618,178153.3369,0
4,13.55526409,2.10E-05,0,35.39314508,0.535204738,0.000592215,813,5.642821149,42.80354001,34.23172682,6.39E-05,6.24E-05,44361,1855.57,5027.78,18224.59,319.9732411,-404161.2972,178209.3896,250
5,11.97973079,2.10E-05,0,34.63358331,0.274028364,-0.002564074,1677,11.63963415,49.28625049,30.66422401,6.39E-05,6.24E-05,44361,1827.18,5312.89,17899.22,100.3034834,-403900.8236,178427.157,36
6,9.612971553,2.10E-05,0,34.66169739,0.086998674,0.078408946,1284,8.911953411,66.18027708,5.649789779,6.55E-05,6.46E-05,48717.31,2026.21,4954.71,18092.41,176.2542124,-403235.4667,177766.5328,14
7,22.93335111,3.16E-05,0,32.25608671,0.631498436,0.015538681,2080,14.43746075,38.7798525,20.77467309,7.35E-05,5.92E-05,59107,963.66,621.82,17108.29,0,-394983.8695,175594.432,44
8,26.88288372,3.16E-05,0,33.30076718,0.412481957,0.061049158,1702,11.8137537,47.42160123,8.669435003,6.65E-05,6.03E-05,53821.67,381.39,457.34,16490.47,0,-394572.1506,176160.0187,2
9,39.64010001,2.91E-05,0,33.04124069,0.273865348,0.177922336,1212,8.4125024,28.26378694,4.102136071,6.78E-05,6.28E-05,24041,133.98,1933.54,14181.61,0,-396734.0808,178998.7881,76
10,0.437270095,2.10E-05,0,39.24216747,0.521383146,-0.17594348,0,0,100.0029767,75.15492999,6.68E-05,6.86E-05,35271,93.48,6186.55,15478.89,350.7567952,-402404.9546,180341.6249,0
11,25.22300767,2.10E-05,0,34.31112504,0.388609271,0.149322438,992,6.885311945,32.92039773,4.69200693,6.74E-05,6.77E-05,20712,168.97,6228.2,14386.86,0,-401155.4168,180833.2834,19
12,16.72750586,2.83E-05,1.06E-06,32.82016778,0.794596504,0.01314783,121,0.83984573,76.85629562,68.20796686,6.16E-05,6.67E-05,44718,978.83,5330.84,13083.71,0,-400113.6219,181704.4532,2
13,8.363779811,2.85E-05,3.39E-21,32.73849821,0.958763329,-0.197510392,0,0,87.62187248,63.48143581,6.29E-05,6.69E-05,34078,987.12,4666.33,13466.59,435.2048007,-399578.505,180934.9387,0
14,14.83948515,3.11E-05,0,33.54554033,0.450700373,0.244299868,0,0,18.6222351,1.124413748,6.74E-05,6.77E-05,72985,509.88,4443.81,12655.88,0,-401324.578,183015.1754,0
15,1.11051489,3.05E-05,3.39E-21,39.30712938,0.29324822,-0.138344731,0,0,98.28750847,51.46542443,6.78E-05,6.38E-05,59971,171.38,5573.98,16990.12,785.2406052,-404601.4163,180053.9746,0
16,0.66631098,2.23E-05,6.78E-21,40.04657984,0.417118021,-0.185410112,664,4.608650941,98.87083232,66.41593503,6.54E-05,6.55E-05,59971,685.42,6034.02,16770.1,1022.070348,-404013.5624,179881.692,0
17,11.84107814,3.02E-05,0,35.44581509,0.172858145,-0.00604557,3071,21.31532881,41.72834804,14.5480069,6.35E-05,6.52E-05,39607.88,246.94,2168.66,7747.37,39.03179376,-400328.9708,188826.6902,80
18,3.345507555,3.02E-05,0,38.20588756,0.457335157,-0.177205592,111,0.770438462,98.08167483,70.15848625,7.05E-05,6.67E-05,33595,251.51,3853.46,7910.7,105.284453,-399248.3759,187406.939,3
19,5.878308313,2.65E-05,0,34.28804183,0.493235461,-0.119059806,0,0,84.87111258,58.26257177,3.32E-05,5.89E-05,85722,270.44,1462.95,34649.11,778.7121224,-422752.7243,173954.9442,0
20,0,3.93E-05,2.03E-20,39.12395215,0.952072664,-0.191583165,0,0,100.0149978,99.82758685,6.25E-05,6.09E-05,38773,313.34,913.28,4259.23,496.8074711,-392301.1195,188239.1766,0
21,0,2.97E-05,3.39E-21,34.38530207,0.833066129,-0.261745228,0,0,100.0346772,80.57192153,6.71E-05,6.38E-05,NA,126.69,2137.77,6349.31,89.13795862,-394503.9532,186506.9681,0
22,0.458114502,2.91E-05,0,36.00031686,0.422265435,-0.232803426,486,3.373388608,97.29380272,80.8155629,5.53E-05,6.47E-05,26430,70.64,175.4,7361.36,290.5717019,-393053.6438,185175.2326,0
23,0,3.96E-05,0,39.89212871,0.565102167,-0.212704239,0,0,100.0073138,85.9932406,6.15E-05,6.05E-05,38538,176.45,2685.53,2445.09,157.6964975,-393448.8021,190266.7119,0
24,0,3.96E-05,0,34.91832423,0.340261741,-0.152685006,0,0,99.99424299,10.85596252,5.71E-05,5.94E-05,38802,1449.98,1839.93,0,1526.551918,-391654.7348,194202.3998,0
25,0.249878126,2.91E-05,0,35.07773256,0.44682456,-0.247246351,1524,10.57817399,92.87137006,76.77505413,6.52E-05,6.45E-05,24522.72,68.22,620.58,11460,172.9131901,-395196.3523,181391.2644,1
26,21.84352748,2.91E-05,0,36.0284164,0.49058722,-0.074215979,643,4.463103963,96.77925125,90.9556988,6.94E-05,6.38E-05,56918,283.56,234.92,12272.84,327.0078832,-395150.4215,180544.5378,11
27,17.69944447,2.95E-05,2.92E-07,33.33897722,0.996857054,0.058652828,3104,21.54473554,61.4344247,5.740172774,6.66E-05,6.70E-05,41599.39,463.75,3735.37,9936.38,0,-397628.9379,183893.0617,0
28,1.020327582,3.78E-05,0,37.34066677,0.747343883,-0.155377315,135,0.937035535,99.03424451,69.79179482,4.62E-05,5.49E-05,47728.35,78.44,2317.83,1961.59,15.98664315,-395451.8528,194898.3939,0
29,5.84430227,3.02E-05,0,34.74383521,0.204891602,-0.13074335,559,3.880005901,83.7984101,59.61604774,6.54E-05,6.73E-05,27428,310.64,4140.62,7233.29,52.376764,-396907.7986,186598.5015,163
30,9.640978976,3.02E-05,0,32.87050343,0.703489061,0.249944972,1049,7.281056117,22.99536598,0,5.82E-05,6.68E-05,38779.17,728.08,4168.85,4335.5,0,-397288.3746,190484.8593,0
31,54.81947858,2.91E-05,0,28.60582948,0.33426137,0.241877875,385,2.672258705,31.45630247,2.845781998,6.48E-05,6.51E-05,139132,1085.3,3769.67,12541.55,190.9093333,-398568.3685,181447.7704,0
32,42.73839071,2.65E-05,0,29.55701184,0.183843176,0.171753965,1126,7.814782062,22.1812109,14.36642883,3.86E-05,6.14E-05,94151,688.44,379.57,30562.51,87.68154135,-417683.0747,173987.5503,18
33,4.546226532,2.21E-05,0,34.47739005,0.262316144,-0.023877451,6058,42.04738981,67.04122453,3.553691579,5.43E-05,6.44E-05,34176.29,5.34,249.46,7428.73,83.60472259,-401194.8666,191311.2078,38
34,0,3.95E-05,6.78E-21,42.34712911,0.707935623,-0.218516614,0,0,99.99937428,95.2031247,6.39E-05,6.09E-05,39660,164.94,4358.82,2275.93,254.3034159,-395159.329,191380.7367,0
35,0.027762975,2.23E-05,6.78E-21,40.53318334,0.787857238,-0.173784619,0,0,100.0161164,96.91360396,6.54E-05,6.55E-05,59971,466.98,5752.99,16298.63,752.178238,-403851.6702,180348.9362,0
36,44.38859049,2.39E-05,2.54E-06,26.50307226,0.458788023,0.421386935,0,0,1.138168987,1.138168987,3.05E-05,5.77E-05,86211,1110.19,1789.4,37108.81,672.4987077,-426072.5003,174610.2866,0
37,46.26907719,2.03E-05,1.30E-06,31.18462372,1.714412874,0.026892862,0,0,58.7958035,22.7563078,2.69E-05,5.48E-05,70925,121.7,280.36,38979.27,371.2328356,-427614.8611,173543.2627,0
38,20.723167,2.65E-05,0,31.26272154,1.471489497,0.017051148,343,2.380457563,73.09323339,44.59714373,3.33E-05,5.66E-05,86211,273.74,2184.28,35632.67,275.1604738,-424167.925,174321.0929,0
39,9.223301464,1.95E-05,0,32.81168699,0.334681495,-0.041778141,2463,17.09329684,56.87355568,24.01250795,2.76E-05,4.55E-05,40215,169.9,164.07,39359.16,176.9071576,-427143.5201,172056.9643,49
40,37.10884031,2.92E-05,0,31.05073941,0.349492865,0.172215418,0,0,3.921169773,3.921169773,3.42E-05,5.17E-05,60868,1985.49,1313.2,31807.05,1092.171895,-423138.3673,180489.8344,0
41,9.959112202,2.92E-05,0,29.93968296,0.605832963,0.15035372,0,0,21.87534611,9.008311943,3.49E-05,5.18E-05,60868,1128.06,1304.64,30609.57,914.1075774,-422215.8439,181371.2152,0
42,22.84052716,2.75E-05,1.02E-20,33.69212961,0.45915892,0.078235017,2586,17.94761569,37.45679887,16.3166452,3.47E-05,7.42E-05,66088,608.75,3069.88,28029.09,46.63326025,-417453.6699,177939.7662,35
43,79.51676832,2.75E-05,0,28.56040466,1.008562778,0.339892697,146,1.013306116,4.608460693,3.574333218,5.08E-05,7.72E-05,55225,397.85,1779.11,22410.37,0,-412401.8649,180502.4627,5
44,0,2.71E-05,3.39E-21,35.82163548,0.226366287,0.032830898,0,0,3.456393039,3.456393039,5.41E-05,6.75E-05,52476,1116.45,3128.39,22337.72,2156.078352,-409772.459,177501.1861,0
45,5.136011736,2.75E-05,0,40.82380986,0.877880036,-0.178550387,0,0,64.852559,50.45090447,4.84E-05,6.83E-05,52476,683.98,3405.78,21907.42,2495.269799,-409501.394,177838.3737,0
46,0,2.21E-05,1.02E-20,38.43401599,0.556933994,-0.171798255,0,0,99.97679199,97.84593423,5.09E-05,6.32E-05,32262,310.75,1920.71,4213.22,720.4500912,-398263.4414,193099.4294,0
47,0,3.96E-05,0,40.92844152,1.131717167,-0.206698832,0,0,99.99444644,99.99444644,5.51E-05,6.13E-05,38773,155.3,1115.23,3044.94,508.859067,-391706.616,189511.1808,0
48,0,3.05E-05,3.39E-21,39.27575874,0.254299601,-0.208202578,0,0,100.0158699,96.10130007,6.78E-05,6.38E-05,59971,176.76,5527.54,16657.86,757.935271,-404340.9462,180271.7465,0
49,0.0277642,2.91E-05,0,39.71572804,0.511171253,-0.278271088,6501,45.12376533,99.9788826,96.09883571,7.01E-05,6.63E-05,34325,10.64,609.42,12208.89,325.1472906,-395498.9191,180695.6322,0
50,0,3.78E-05,0,40.3373282,0.729679705,-0.219410345,0,0,99.11925188,94.96845968,5.22E-05,5.83E-05,68245,394.47,899.79,2117.74,703.4328342,-391982.7146,198686.6547,0
51,0,3.38E-05,0,38.34978032,1.249810702,-0.159725022,0,0,99.34286328,99.23874485,3.77E-05,4.97E-05,48315,310.33,640.43,4832.09,238.7726286,-389171.5825,200486.057,0
52,0.034705387,3.09E-05,3.17E-07,37.64298439,0.691017528,-0.192878764,0,0,100.0209265,89.5398995,6.52E-05,6.46E-05,NA,349.09,2077.24,5478.41,359.6104426,-394190.8663,187322.1394,0
53,0,3.10E-05,0,39.3256402,0.949462704,-0.150927928,0,0,99.986357,99.986357,6.43E-05,6.47E-05,NA,386.79,1809.02,5547.1,246.3313405,-393962.0762,187181.5787,0
54,0,3.26E-05,1.36E-20,40.44809771,0.594540514,-0.2343606,0,0,100.0086023,84.32846397,5.62E-05,6.10E-05,38773,112.98,356.83,4218.58,489.7838614,-391322.7706,188393.7769,0
55,0.846745423,2.75E-05,1.36E-20,39.46807408,0.475132922,-0.242501088,12,0.083286435,98.91652275,80.82948526,4.85E-05,6.90E-05,84543,136.51,1897.67,20211.08,991.2187136,-409846.2745,180758.0729,0
56,0,3.17E-05,0,41.31623077,0.387116916,-0.168264322,0,0,100.0075991,98.73052236,6.46E-05,6.95E-05,76204,185.22,3769.84,18052.11,272.8744038,-406952.8083,180743.1748,0
57,0,3.17E-05,0,40.97848916,0.52356345,-0.186071615,0,0,99.99377704,95.27414294,6.46E-05,6.95E-05,76204,115.63,4327.19,18529.35,943.8544886,-406896.4817,180015.8859,0
58,9.800608226,3.02E-05,0,35.56199789,0.183172126,-0.049019532,2581,17.91456787,50.53004808,28.40232922,5.82E-05,6.68E-05,33633,1242.75,3728.06,4103.66,69.280481,-397474.9614,191103.3419,92
59,23.21767366,2.91E-05,0,35.30712867,0.241557172,-0.040588448,3537,24.5503473,74.21326359,36.46805901,6.13E-05,6.82E-05,42186,791.49,2415.8,9620.05,120.0985614,-396323.0924,183657.5335,127
60,0,3.96E-05,0,37.6662569,0.25436636,-0.222109845,1205,8.36411689,99.99457919,29.19458559,5.59E-05,6.10E-05,37638.25,1167.81,2033.23,0,392.5703555,-390919.542,195702.9596,0
61,12.64653424,3.15E-05,6.78E-21,35.52622223,0.216972608,-0.100797367,4304,29.87414016,71.9367074,25.45965291,5.60E-05,5.65E-05,32291,781.83,567.92,18024.86,518.2900129,-396842.4036,175035.9699,87
62,7.68298713,2.75E-05,0,36.91742063,0.599690104,-0.140270711,1478,10.25786357,80.12654599,25.81816813,3.80E-05,7.25E-05,65941.42,46.86,2317.46,26370.31,41.5882269,-415299.2685,177749.1178,1
63,32.72595156,2.10E-05,0,35.36364698,0.405985819,0.016352418,1348,9.356221146,65.8961154,25.60467345,6.01E-05,5.86E-05,79279,232.05,2969.41,20049.27,454.85704,-402281.1879,174913.6923,8
64,14.39426772,2.50E-05,2.52E-08,35.23214936,0.473535035,-0.074346671,0,0,69.86841521,27.6364388,4.31E-05,6.12E-05,50651,90.92,505.82,24250.84,29.48131587,-415724.5635,182481.873,144
65,23.35613004,2.97E-05,2.41E-07,34.94338131,0.143664784,-0.062910545,3895,27.03480728,69.15913216,29.13095922,5.92E-05,6.65E-05,50895,469.68,4876.34,11793.29,149.2556178,-399300.6617,182716.2227,78
66,13.96514573,2.10E-05,0,36.197155,0.535095425,-0.125815728,2120,14.71476588,75.37152955,41.4928634,6.48E-05,6.37E-05,57358,608.87,3430.53,15866.81,244.8373243,-398993.7637,177994.226,36
67,0.402580895,3.96E-05,0,34.60723877,0.168342889,-0.092572725,0,0,94.01652109,27.83361016,6.35E-05,6.16E-05,39660,363.24,3790.93,2420.99,64.28918085,-394603.2131,190850.0866,570
68,15.40844136,2.10E-05,0,36.45909357,0.362228746,-0.077279096,43,0.298451792,74.95998497,29.30380153,5.92E-05,6.18E-05,65187,2135.63,4207.31,18965.72,485.3412276,-404235.1612,177373.2566,3
69,28.66590066,2.91E-05,0,33.6434679,0.271584834,0.023154351,2901,20.13553942,49.90504256,24.63324006,6.16E-05,6.66E-05,67227,737.03,4916.13,12061.53,253.0422602,-399441.4258,182487.8639,55
70,1.41596019,3.78E-05,0,36.05547142,0.201004939,-0.048612789,1735,12.0426026,38.51550538,22.08620258,4.66E-05,5.48E-05,47472,939.26,1222.94,2975.58,15.8799959,-395965.7299,195907.0314,26
71,4.886295522,2.10E-05,0,33.30550265,0.144717786,-0.077457383,496,3.4426173,56.82400773,22.41865701,6.39E-05,6.24E-05,58729.23,2109.89,4949.51,18157.45,94.65699027,-403583.9734,177917.6708,470
72,1.908503069,2.25E-05,3.39E-21,30.47848547,0.436435011,0.101736492,0,0,22.24273577,22.24273577,2.75E-05,5.58E-05,70925,697.32,689.58,38527.07,1320.112,-427649.7717,174509.3831,2
73,6.593821811,2.21E-05,6.78E-21,36.62213469,0.853517719,-0.063675312,3526,24.47349022,54.60378546,22.59945665,5.39E-05,6.44E-05,39551.36,353.78,1678.07,5644.16,84.60465091,-399466.92,191760.7249,68
74,11.11896279,2.24E-05,0,34.56202483,0.400835621,-0.057257432,1802,12.50709797,47.38399436,24.52140795,4.94E-05,5.33E-05,50059,78.47,402.54,23095.61,265.318696,-406357.669,173829.025,52
75,37.75096097,2.10E-05,0,33.12112594,0.134531641,0.085357152,1315,9.127139857,33.62119047,19.68408261,5.71E-05,5.84E-05,79279,964.44,2886.22,20009.41,191.2909181,-402967.6936,175335.3831,47
76,14.11806734,2.91E-05,0,34.99981952,0.529294705,-0.058744052,1063,7.378321329,68.09156372,20.10124042,6.66E-05,6.65E-05,19783.22,332.06,1263.84,11334.39,21.20174865,-395773.6586,181682.9134,318
77,7.274157962,3.02E-05,0,35.18818784,0.166569439,-0.055086841,2157,14.97171634,54.45901085,24.55028312,6.66E-05,6.61E-05,37139,586.74,4939.04,4422,165.9201519,-396285.2555,189553.5671,110
78,25.92398375,3.11E-05,0,34.38745403,0.226547635,0.032797614,2072,14.38139072,43.55368086,21.51655947,6.74E-05,6.77E-05,84414.72,174.73,4219.35,12345.58,183.1986327,-401292.9306,183373.5519,21
79,22.39794576,2.10E-05,0,34.6338253,0.086064907,0.016836822,2935,20.37123359,47.18352503,22.1966627,7.01E-05,6.60E-05,88371,791.57,6171.91,16857.23,9.400823292,-402542.0974,178788.7581,22
80,20.04575194,2.91E-05,0,34.15154719,0.392467524,0.007755647,2682,18.61589568,99.98582298,22.31547524,6.54E-05,6.52E-05,45600.18,303.93,2083.18,7386.66,123.289345,-395066.9162,185593.4413,139
81,66.45358716,2.70E-05,6.78E-21,29.96750498,0.400546573,0.276036327,131,0.909182237,47.60367147,7.669056273,3.50E-05,6.87E-05,52307,616.85,1681.17,28968.58,207.8242307,-416936.5109,175606.7567,12
82,15.73482198,2.10E-05,0,33.83370614,0.189961198,0.138133997,1181,8.197099583,45.06669567,8.634370771,5.85E-05,5.85E-05,79279,493.68,3091.14,19874.83,371.2936952,-402379.7862,175163.1362,0
83,72.1188177,3.78E-05,0,29.64430332,0.926216842,0.247397454,723,5.018470183,11.80694022,6.60105829,5.28E-05,5.72E-05,37647,318.9,1776.7,2309.01,71.11513857,-390677.2223,198451.1671,8
84,40.68776763,2.91E-05,3.39E-21,32.34326899,0.851906018,0.032212166,193,1.339600674,32.92086009,16.23484962,6.32E-05,6.16E-05,57358,503.81,3261.45,15567.59,57.90519292,-398733.3137,178212.0154,18
85,10.31458052,3.26E-05,2.03E-20,34.93811488,0.146436806,-0.092276112,2327,16.15210557,76.38758993,9.738463305,5.62E-05,6.10E-05,38773,5.52,447.95,4469.64,676.2728631,-391713.348,188066.9943,0
86,99.36009249,2.28E-05,0,24.96074796,0.128375341,0.423691457,0,0,0,0,2.77E-05,5.73E-05,70925,1058.65,649.55,38424.75,1445.434126,-427737.6726,174878.3171,2
87,0.367869619,2.11E-05,5.40E-08,35.34590244,0.093168688,-0.196013935,97,0.673270811,99.99806782,0,6.39E-05,5.89E-05,NA,0.73,3119.87,16951.76,400.2374528,-398859.8012,176778.6507,0
88,8.766447823,3.02E-05,0,35.71749926,1.095359557,-0.009200569,0,0,50.55110015,2.575100667,6.18E-05,6.72E-05,47581,785.4,4017.22,2997.68,0,-396574.1023,191746.3147,0
89,1.429838418,2.82E-05,0,31.90452886,0.787311957,0.162792872,1704,11.82740128,18.1228549,0,6.01E-05,5.89E-05,NA,130.75,1124.96,19239.72,121.58267,-398362.9858,174207.0367,12
90,40.9555888,2.75E-05,0,35.48215318,0.580413336,-0.140693834,0,0,97.90197179,0.229034813,4.59E-05,7.81E-05,52476,131.53,2736.4,23129.81,771.4021201,-412606.1121,179557.4317,0
91,23.13172659,2.65E-05,0,32.30872226,0.302215838,0.085087483,2659,18.4540237,43.24446096,0.714841836,3.87E-05,5.96E-05,94151,2.31,952.18,32932.11,54.97475291,-420696.68,174013.5861,7
92,19.98259931,2.10E-05,0,33.44546032,0.462170012,0.030389489,2735,18.9831223,42.03356076,17.42143948,6.43E-05,6.24E-05,44661,1254.67,4119.36,18777.9,51.44830415,-402274.3167,176357.5703,49
93,4.26133505,2.65E-05,0,35.55856061,0.205709934,-0.182338732,962,6.676554264,95.42197982,18.8151129,3.97E-05,7.30E-05,69796,121.54,2376.69,29467.52,509.5183067,-418080.55,176309.9068,0
94,9.286703533,3.17E-05,6.78E-21,34.38240743,0.315497168,-0.070509838,5145,35.71008197,72.90548125,15.45701702,6.17E-05,6.75E-05,40892,41.85,438.06,11359.74,41.96483037,-403499.9767,187059.8177,55
95,12.86019299,2.65E-05,0,33.85632086,0.153105636,0.064113853,2037,14.13719002,29.69018111,15.0879976,3.97E-05,6.19E-05,67222,861.1,1375.01,31191.5,66.55428805,-420769.9653,177270.3263,30
96,37.75096097,2.10E-05,0,33.12112594,0.134531641,0.085357152,1315,9.127139857,33.62119047,19.68408261,5.71E-05,5.84E-05,79279,964.44,2886.22,20009.41,191.2909181,-402967.6936,175335.3831,48
97,29.84292725,2.92E-05,6.78E-21,32.19509184,1.028660294,0.065955277,2021,14.02617581,37.74783287,15.21295268,4.06E-05,6.27E-05,34702,1195.33,127.18,29434.87,121.6933069,-420079.4906,179616.8847,28
98,40.21150518,2.65E-05,0,31.54047716,0.336917658,0.106798115,2310,16.03185657,35.15904129,18.3221218,3.71E-05,6.11E-05,111247,219.71,1248.99,33218.14,235.4307766,-421164.887,174175.4266,21
99,30.82524379,3.03E-05,6.78E-21,33.19087434,0.219480143,0.028033718,3397,23.57877802,64.14232783,24.43946935,6.66E-05,6.24E-05,28169,448.08,641.63,15261.85,45.6417146,-395533.4619,177568.8265,79
100,36.52829774,3.17E-05,0,32.77366769,0.868571389,0.156593299,1276,8.85618619,69.46831315,15.34563297,5.38E-05,6.77E-05,48877,433.51,1422.75,17606.64,0,-408209.4076,182900.8091,48
101,9.376345304,2.74E-05,3.39E-21,34.36143231,0.092568783,0.00727704,2874,19.94642221,39.19881441,17.28828731,3.66E-05,7.03E-05,88479.37,582.54,1707.51,26808.04,73.74132569,-417273.8109,179970.4048,20
102,0.25681597,3.02E-05,0,35.63338304,0.386982464,-0.19562744,0,0,98.58956865,11.67471518,6.31E-05,6.47E-05,39837,723.09,4879.23,5921.41,404.3497826,-396890.4106,188162.1316,7
103,13.29040339,2.65E-05,0,31.82953298,0.414530396,0.14495221,1485,10.30613526,21.52837144,10.88216841,3.65E-05,6.27E-05,105679,481.03,2252.92,33495.04,0,-422375.6806,175486.4574,15
104,44.3039383,2.91E-05,0,31.05024576,0.211123021,0.120961857,1510,10.48080007,28.27039648,14.43018764,6.19E-05,6.58E-05,139132,838.72,3953.61,12252.48,134.7934708,-398656.417,181816.6917,15
105,29.87172651,2.75E-05,0,32.13059163,0.25200443,0.126513749,2082,14.45003127,28.49751604,11.36152795,3.96E-05,7.62E-05,52476,580.89,1034.15,25238.17,0,-412652.1145,176311.1819,20
106,75.62888284,2.91E-05,0,30.57381821,1.428099733,0.27018747,0,0,33.3097475,10.95980231,6.59E-05,6.58E-05,49617,342.47,2611.07,12041.19,0,-397361.0612,181461.6964,13
107,47.14067508,3.17E-05,0,32.97786164,0.268336583,0.099174222,1932,13.4092733,32.87770581,14.33931607,5.04E-05,6.90E-05,43144,313.44,251.95,15486.05,0,-407061.8888,184966.4949,30
108,19.98298135,3.02E-05,0,35.20461226,0.217875221,-0.023210492,4037,28.02059594,56.67281789,16.49862684,6.77E-05,6.63E-05,34000,42.58,5006.61,6572.03,284.9700917,-397640.0175,187867.0482,74
109,23.98834788,3.96E-05,0,33.61051607,0.240994757,-0.014331073,2682,18.61595747,63.2192918,12.59110621,6.55E-05,6.03E-05,45874,855.5,3205.26,977.03,0,-393889.0066,192111.578,27
110,10.31458052,3.26E-05,2.03E-20,34.93811488,0.146436806,-0.092276112,2327,16.15210557,76.38758993,9.738463305,5.62E-05,6.10E-05,38773,5.52,447.95,4469.64,676.2728631,-391713.348,188066.9943,15
111,19.77970773,2.67E-05,1.02E-20,33.24876809,0.319166708,0.087989404,2069,14.35937378,26.53950959,11.54163296,4.11E-05,6.98E-05,52163,1186.37,1001.9,28600.75,155.8878314,-419012.8996,179402.0437,28
112,0.166588338,3.86E-05,1.36E-20,39.08850789,0.171609687,-0.181027845,0,0,93.99746958,58.63909489,5.28E-05,5.89E-05,37647,591.29,1897.06,1086.23,314.7551717,-390684.0111,197006.7603,0
113,8.787288092,2.91E-05,0,32.23611569,0.433448051,-0.106530127,0,0,77.07270693,55.47235895,6.72E-05,6.53E-05,38921,892.76,2262.16,12788.77,28.77679009,-397195.4835,180604.413,0
114,0.402537612,2.66E-05,1.02E-20,33.25950575,0.358843555,-0.227078807,0,0,95.49163797,58.38183433,3.67E-05,7.39E-05,52307,176.15,3014.62,28621.38,353.6430167,-417429.193,176854.1577,0
115,0.492772716,2.75E-05,0,37.81225634,0.87926274,-0.173949576,627,4.35166891,88.85871939,58.95227388,4.59E-05,7.81E-05,52476,59.93,2273.88,22541.78,344.1387369,-412204.7797,180003.4863,0
116,0.527518386,3.78E-05,2.71E-20,38.33236504,0.670232875,-0.197267622,0,0,99.98555727,58.56148189,5.39E-05,5.69E-05,38802,149.28,2541.75,1535.92,292.1435089,-394702.3385,195193.5329,0
117,4.789395269,3.95E-05,1.52E-07,36.06642556,0.723817486,-0.140112231,1687,11.70972438,89.8740434,55.84851353,5.86E-05,6.15E-05,38773,260.07,1251.41,3676.26,146.6626379,-392128.7918,188825.9825,0
118,0.263734705,2.75E-05,0,36.67865634,0.495395994,-0.194110413,401,2.783095173,93.77850869,55.17607638,4.28E-05,7.23E-05,83222,303.02,2825.32,24597.44,364.6402577,-414521.0642,179726.8082,0
119,4.386663212,2.82E-05,0,39.83646274,0.706008472,-0.180397181,10,0.069409228,87.95537378,59.66417243,6.48E-05,5.78E-05,42456,663.78,1259.05,20409.89,125.7692896,-399524.5333,173346.4923,0
120,0,3.05E-05,3.39E-21,37.55733752,1.335658094,-0.155406177,0,0,100.0228108,59.10722759,6.78E-05,6.38E-05,59971,509.79,5908.89,17061.86,908.9387902,-404383.1607,179793.9376,0
121,8.731765946,2.91E-05,0,37.30851316,0.286103534,-0.131620925,2064,14.32620422,81.68851623,56.08320258,6.78E-05,6.75E-05,39902,109.52,2555.71,11135.09,266.3432023,-396928.2565,182266.2353,181
122,0.249872893,2.93E-05,6.78E-21,39.67063117,0.532256179,-0.198627609,0,0,99.9699798,51.88332979,5.49E-05,6.49E-05,42437,740.76,2786.37,4335.88,351.8729215,-398129.6149,191883.5349,0
123,3.636870783,3.17E-05,0,37.08805537,1.05134063,-0.131994235,819,5.684345747,77.18633584,51.40897308,5.46E-05,7.07E-05,84543,949.18,2625.94,18594.86,34.33735497,-408117.9282,181207.2712,0
124,1.089736898,3.91E-05,6.78E-21,37.30870962,0.554326589,-0.146036743,0,0,100.0128596,50.30142228,6.00E-05,6.24E-05,47581,311.04,3793.79,1865.14,661.5130689,-395771.8301,192638.8153,0
125,3.095400624,2.74E-05,6.78E-21,37.63362026,0.486624675,-0.148067106,0,0,69.63957369,51.35866507,4.07E-05,6.71E-05,68640,506.96,2392.9,24826.5,106.2188965,-415295.398,180517.6433,0
126,8.301274535,3.02E-05,0,38.56337953,1.139389616,-0.131331496,1854,12.8683637,89.67597574,49.33566839,7.04E-05,6.70E-05,33595,253.11,3153.42,8002.48,0,-399815.0528,187818.1354,0
127,0.319272639,2.10E-05,0,39.04712462,0.27986484,-0.17894353,2,0.013881419,96.95477166,54.76219833,6.37E-05,6.22E-05,59971,488.12,5948.33,17724.48,731.4297985,-404904.106,179358.3994,0
128,8.946959893,2.91E-05,0,37.25749302,0.489561812,-0.148155046,2186,15.17304447,84.54148293,51.67580792,6.86E-05,6.82E-05,32872.52,54.96,1979.93,11365.98,185.0405172,-396481.1735,181865.6639,146
129,2.228072552,2.92E-05,1.02E-20,36.89206958,0.382774282,-0.168697289,2170,15.0620481,99.44422261,52.50199622,6.37E-05,6.61E-05,52436,449.74,2012.52,8165.73,0,-395489.1471,184908.3084,0
130,0.041643633,2.25E-05,0,39.20735431,0.549125071,-0.201512659,0,0,100.0280059,52.38769001,5.18E-05,6.31E-05,23621,423.8,1980.57,22184.07,1403.432321,-408191.8634,176278.1236,0
131,6.45513377,3.02E-05,3.39E-21,37.81214595,0.829941504,-0.168783034,1591,11.04313745,85.52705195,49.28806979,5.66E-05,5.72E-05,29341,366.16,1307.73,16789.8,28.56335067,-397085.5752,176381.4929,34
132,9.634063194,2.91E-05,0,34.14368534,0.639137751,-0.121586321,68,0.471985805,95.6187713,54.81976305,6.71E-05,6.22E-05,48088,406.23,2990.22,14418.09,246.8266086,-397811.214,179093.7431,0
133,0.069407736,3.17E-05,0,36.5013392,0.202052878,-0.197267531,4168,28.92914438,92.187355,50.34143095,6.21E-05,7.05E-05,38918,498.94,2283.49,12103.67,346.1082879,-402612.9362,184814.3687,0
134,2.436051867,2.75E-05,2.52E-08,36.39063191,0.423908699,-0.161785122,210,1.457466929,86.12241487,48.04088611,3.51E-05,7.43E-05,52307,75.61,2906.05,27944.6,472.4802251,-416908.1158,177289.5672,0
135,8.412463804,2.86E-05,3.06E-07,35.08417964,1.450749293,-0.162558259,2,0.013881953,86.74138627,46.01867576,6.07E-05,5.87E-05,34290,448.55,2034.86,16466.32,107.4412485,-397761.5453,176922.5741,0
136,1.978236541,3.96E-05,0,33.78427958,1.047304079,-0.176556036,0,0,98.60641509,47.88720665,5.46E-05,6.12E-05,38773,242.84,733.52,3387.38,425.3407593,-391368.7066,189240.6113,0
137,8.301274535,3.02E-05,0,38.56337953,1.139389616,-0.131331496,1854,12.8683637,89.67597574,49.33566839,7.04E-05,6.70E-05,33595,253.11,3153.42,8002.48,0,-399815.0528,187818.1354,0
138,9.627041389,2.91E-05,0,32.12559271,0.790931272,-0.113126156,994,6.899263981,95.93030933,45.56707045,6.19E-05,6.58E-05,139132,1268.27,4381.65,12662.59,0,-399156.2088,181620.0004,1
139,3.706052224,2.65E-05,0,35.66367745,0.819649428,-0.184438135,0,0,92.74846802,48.65755083,3.65E-05,6.27E-05,105679,476.27,2191.5,32967.59,269.1002991,-421875.7245,175682.9276,0
140,1.159114967,2.10E-05,1.35E-08,35.63241291,0.517418842,-0.143507764,1641,11.38986624,77.34142564,45.42064878,5.78E-05,5.83E-05,40953.6,340.8,2039.25,21027.9,193.6307212,-402604.9446,173979.2872,0
141,0.388645555,2.65E-05,0,34.22314548,0.553798975,-0.103479694,517,3.588031285,81.78212895,48.78195726,3.26E-05,5.51E-05,86211,873.61,2120.23,35632.81,38.936239,-424484.6498,174830.6753,0
142,0,3.87E-05,4.97E-07,37.1638999,0.406411887,-0.187593913,0,0,99.97894857,47.76833685,5.97E-05,6.12E-05,38802,728.29,3389.69,710.29,534.9761571,-394156.809,194543.3671,0
143,15.49204019,2.17E-05,0,34.90068007,0.551721842,-0.074337733,757,5.254244815,69.08950183,45.08794494,6.52E-05,6.71E-05,33662.95,333.11,5172.14,14320.61,22.61809076,-400120.4883,180260.4446,4
144,6.45513377,3.02E-05,3.39E-21,37.81214595,0.829941504,-0.168783034,1591,11.04313745,85.52705195,49.28806979,5.66E-05,5.72E-05,29341,366.16,1307.73,16789.8,28.56335067,-397085.5752,176381.4929,34
145,0.062467825,3.02E-05,0,38.8451457,0.645166981,-0.176871124,1454,10.09202424,100.0109885,49.1205334,5.88E-05,6.47E-05,40263,479.1,1890.2,5678.22,94.8221576,-399378.9143,191391.737,0
146,0,3.02E-05,0,38.98471093,0.412128908,-0.202989928,138,0.957858558,98.60390348,39.93853728,6.34E-05,6.28E-05,41242,305.17,5032.12,3404.02,271.083321,-395841.9428,190477.6943,0
147,1.443555164,2.92E-05,3.39E-21,33.41267991,0.859651632,-0.107602058,0,0,99.95231474,39.2258355,3.85E-05,5.98E-05,73841,1379.21,113.54,31596.84,17.28818448,-421773.0665,178201.8714,0
148,3.609017247,2.75E-05,0,35.34332085,0.218776967,-0.109989909,2337,16.21975636,63.32437186,41.1358562,3.97E-05,7.73E-05,66088,38.94,2778.36,24646.79,903.3823717,-413669.3102,178447.6139,0
149,0.680188425,2.65E-05,0,34.01689768,0.71476129,-0.025016216,1194,8.287193664,94.13668984,41.24162877,3.34E-05,5.66E-05,85722,73.75,1991.8,35157.22,868.2852727,-423569.4298,174268.0533,0
150,27.79870313,2.91E-05,0,35.31416106,0.280886972,-0.011776498,2622,18.19930078,70.35397127,40.2022693,6.13E-05,6.86E-05,48055,446.32,2537.02,10261.93,113.6371832,-396615.1329,183081.3382,91
151,0.242932137,2.21E-05,0,38.41552091,0.349047515,-0.179234343,2547,17.67851868,99.99780866,44.81056797,4.50E-05,6.20E-05,38960,87.81,1523.9,3803.55,209.165344,-397830.6484,193904.1171,0
152,0.013881863,2.10E-05,0,37.30792403,0.701553329,-0.11564914,1436,9.967177861,76.66259016,41.47206666,6.48E-05,6.37E-05,30307,60.93,3226.68,16522.09,437.3283617,-398937.3251,177266.9883,0
153,11.29973537,3.02E-05,0,36.27892232,0.317242056,-0.103544434,3472,24.09869854,70.36653393,39.80588598,6.71E-05,6.84E-05,31477.67,139.29,4260.81,10185.74,427.8196307,-399937.9909,185059.8695,280
154,2.866632741,3.91E-05,1.36E-20,38.43096089,0.524426627,-0.086044906,1327,9.210706168,99.99897797,43.00643212,6.00E-05,6.24E-05,47581,860.24,3363.9,1665.73,1042.256088,-395719.1135,193236.2097,0
155,5.691021611,2.65E-05,0,35.75462437,0.479521914,-0.110279325,1965,13.63763106,78.01557797,40.08700101,4.04E-05,6.66E-05,69796,12.71,2284.13,29911.87,851.0872142,-418569.9014,176232.8444,3
156,10.59172653,2.82E-05,0,36.97212911,0.166392393,-0.103410828,2325,16.13746015,77.38345942,35.06513921,4.96E-05,5.66E-05,36204,1096.1,984.02,22272.74,472.5732434,-401795.0138,172222.6841,16
157,0,3.02E-05,0,38.98471093,0.412128908,-0.202989928,138,0.957858558,98.60390348,39.93853728,6.34E-05,6.28E-05,41242,305.17,5032.12,3404.02,271.083321,-395841.9428,190477.6943,0
158,1.443555164,2.92E-05,3.39E-21,33.41267991,0.859651632,-0.107602058,0,0,99.95231474,39.2258355,3.85E-05,5.98E-05,73841,1379.21,113.54,31596.84,17.28818448,-421773.0665,178201.8714,0
159,0.589954967,2.16E-05,0,37.54495549,0.420208933,-0.177886248,498,3.456442042,98.00193099,39.92259965,5.17E-05,6.17E-05,23621,408.59,2374.38,21525.84,1289.392026,-406994.9613,176172.4041,0
160,0,2.42E-05,0,36.26480675,0.620978083,-0.168188304,0,0,99.99994627,37.8886526,5.51E-05,6.75E-05,52476,323.59,2712.18,21854.53,2002.648369,-408716.3887,177167.11,0
161,5.260807463,2.75E-05,0,38.03354239,0.445144715,-0.165012267,2677,18.57939522,77.90575696,36.76318883,4.08E-05,7.26E-05,83222,458.59,3335.1,25086.16,567.9706573,-414802.733,179270.1824,0
162,20.86485129,2.91E-05,0,35.66002131,0.131427541,-0.071265993,2668,18.5187702,67.32836243,35.21898051,6.35E-05,6.57E-05,27816,434.24,885.81,9290.94,241.5201842,-394767.3636,183520.4028,134
163,18.62267749,2.91E-05,0,35.6423521,0.672545763,-0.079906822,324,2.248880919,91.10744117,38.84178278,6.42E-05,6.16E-05,35038,486.28,1742.2,15688.4,0,-397339.262,177607.6022,62
164,8.280368551,3.16E-05,6.78E-21,36.77537417,0.218434368,-0.117971323,2219,15.40162432,68.41541728,36.15460166,6.19E-05,6.84E-05,38918,113.16,2865.22,11822.4,278.1781841,-402025.1335,184642.0894,45
165,8.939862559,2.21E-05,0,37.3167181,0.716770688,-0.108095157,4331,30.06098194,97.63051766,35.27358814,5.12E-05,6.15E-05,34865.21,793.45,1327.93,4652.56,464.3466152,-398710.4022,193500.1016,0
166,13.81895289,2.10E-05,2.92E-08,35.08487415,0.5060198,-0.061556116,1763,12.23647109,56.41408794,29.72011867,5.88E-05,5.50E-05,32239,985.67,171.85,22850.57,84.71663057,-405421.214,173505.6082,128
167,23.21767366,2.91E-05,0,35.30712867,0.241557172,-0.040588448,3537,24.5503473,74.21326359,36.46805901,6.13E-05,6.82E-05,42186,791.49,2415.8,9620.05,120.0985614,-396323.0924,183657.5335,112
168,5.580455422,3.02E-05,0,37.29666543,0.171059434,-0.059258639,2173,15.08249954,98.74074481,31.42129564,6.77E-05,6.93E-05,25603,38.75,4860.07,11293.69,155.1490315,-400163.1343,183875.8134,0
169,1.721409301,3.96E-05,0,35.19506788,1.025955816,-0.200874681,0,0,99.98750395,34.75442085,5.28E-05,5.61E-05,38802,2562.95,995.44,438.18,535.4114803,-391432.7404,192617.5311,0
170,0.818952335,2.65E-05,0,35.90065479,0.789841385,-0.246938542,28,0.194327673,98.03137055,33.44518051,4.05E-05,6.17E-05,94151,97.8,404.12,31092.46,339.5259604,-418619.4942,174311.1834,0
171,16.44259128,3.17E-05,0,34.86859107,0.181536535,-0.026949857,2322,16.11637693,62.05013339,31.44151054,5.96E-05,6.82E-05,37474.5,508.75,1214.51,12736.12,134.2589905,-403788.5347,185158.9482,226
172,6.503594606,2.21E-05,0,36.14213538,0.590424964,-0.095675759,3067,21.28764638,70.03337201,34.35730342,4.35E-05,5.97E-05,29574.42,953.46,729.68,5124.14,0,-399157.3568,193900.7806,175
173,3.768870686,2.82E-05,0,37.08616376,0.122378651,-0.166773234,2788,19.35103402,94.67986193,29.27642091,4.96E-05,5.66E-05,36097.47,777.42,714.37,22728.28,208.4552764,-402185.7386,171896.0518,210
174,5.434612293,2.23E-05,6.78E-21,38.00585508,0.671795555,-0.10333366,1224,8.495485883,96.33769939,32.18428761,6.54E-05,6.55E-05,59971,231.72,5942.61,16111.17,435.1922314,-403492.6286,180317.2417,0
175,10.68134492,2.75E-05,0,35.74543858,0.667806057,-0.067817475,1510,10.48007202,64.99032739,31.21118136,4.27E-05,7.76E-05,52476,685.15,2983.3,23949.09,1300.695072,-412820.9308,178492.9677,0
176,23.35613004,2.97E-05,2.41E-07,34.94338131,0.143664784,-0.062910545,3895,27.03480728,69.15913216,29.13095922,5.92E-05,6.65E-05,50895,469.68,4876.34,11793.29,149.2556178,-399300.6617,182716.2227,73
177,2.05430383,2.65E-05,0,34.88989234,0.560113592,-0.022214499,1290,8.952878178,44.33409752,29.71106316,4.05E-05,6.37E-05,78071,198.41,2525.06,31461.34,413.2774995,-420386.4645,176152.925,18
178,15.40844136,2.10E-05,0,36.45909357,0.362228746,-0.077279096,43,0.298451792,74.95998497,29.30380153,5.92E-05,6.18E-05,65187,2135.63,4207.31,18965.72,485.3412276,-404235.1612,177373.2566,3
179,0,3.96E-05,0,39.45924067,0.951191663,-0.215980976,0,0,100.0087387,94.63625369,5.45E-05,5.53E-05,38802,2440.68,802.56,397.03,1273.330523,-390588.4349,193988.0311,0
180,0,2.78E-05,6.78E-21,39.17240024,0.326150073,-0.218377881,0,0,90.93543669,90.93543669,5.84E-05,6.81E-05,52476,327.47,3676.32,21247.86,2395.628939,-408871.2721,178143.8371,0
181,1.068895259,2.24E-05,1.36E-06,42.3040626,1.655989942,-0.186069266,0,0,99.96947027,89.27357679,6.00E-05,5.89E-05,39102,1142.64,2724.64,19923.53,677.6069656,-400647.6779,174288.1157,0
182,0.353947721,2.65E-05,0,35.46277285,1.18010006,-0.229676264,0,0,98.98043912,94.21949527,3.32E-05,5.89E-05,85722,496.46,1690.86,34498.16,640.030983,-422731.5474,174193.8217,0
183,0,3.17E-05,0,40.35418916,1.723683567,-0.220823279,0,0,99.98701502,93.01860164,5.47E-05,6.61E-05,76204,244.86,2615.38,16392.26,583.7610892,-406315.7056,182492.7193,0
184,0.124939228,3.02E-05,0,31.84907007,0.284159818,0.07483368,0,0,99.97914689,91.21951877,6.97E-05,6.43E-05,NA,156.06,2221.82,5762.29,118.7121601,-394451.2675,187104.2996,0
185,0,3.95E-05,2.03E-20,39.34067416,0.653375433,-0.201385914,0,0,99.95266044,89.94351208,5.47E-05,6.11E-05,37647,443.64,2572.17,205.75,808.7472991,-391345.4406,196342.5606,0
186,0,3.02E-05,6.78E-21,43.60169148,1.060575888,-0.234352247,0,0,100.0378047,93.79802215,6.37E-05,6.79E-05,33083,230.3,2694.44,11013.64,225.8055466,-401711.9338,185457.2025,0
187,0.090228624,2.10E-05,1.36E-20,41.68961835,1.164625521,-0.198021155,0,0,100.0149594,95.05932573,6.78E-05,6.73E-05,76204,440.67,4572.81,19453,1904.459312,-406326.1877,178280.1567,0
188,0,3.10E-05,0,39.3256402,0.949462704,-0.150927928,0,0,99.986357,99.986357,6.43E-05,6.47E-05,NA,386.79,1809.02,5547.1,246.3313405,-393962.0762,187181.5787,0
189,0,2.75E-05,1.69E-20,41.59612823,0.731336849,-0.225309061,0,0,99.67700974,98.51789403,4.94E-05,5.53E-05,35030,268.53,743.69,22549.84,225.9534202,-402632.8938,172296.596,0
190,0.583030448,2.10E-05,0,42.1798594,1.272151387,-0.204915494,0,0,99.99666261,93.24322659,5.59E-05,5.99E-05,41280,752.05,2661.42,20612.96,231.1061837,-401756.5447,174024.8112,0
191,0.3886947,3.01E-05,6.78E-21,39.31349349,0.496583218,-0.164534322,595,4.129881184,99.82512804,64.96754266,7.13E-05,6.76E-05,29683,1135.78,3504.94,8644.58,138.1086819,-397044.8408,185045.4659,0
192,0,3.96E-05,0,38.89290357,0.864012511,-0.212829925,0,0,99.98111024,65.63603016,5.45E-05,5.53E-05,38802,2708.45,536.73,488.69,1390.617456,-390359.6712,193847.467,0
193,0.270691012,3.17E-05,0,39.53516078,1.566566954,-0.230316819,0,0,99.87110167,66.6455152,7.01E-05,6.82E-05,90875,145.11,3337.06,12500.44,17.49596593,-402098.9924,183805.8629,0
194,2.901345409,3.95E-05,6.78E-21,36.63166857,0.341720762,-0.151108056,0,0,98.59715677,65.53708935,5.93E-05,6.20E-05,47581,928.88,3307.79,1176.21,547.9754408,-395187.7952,193791.402,0
195,3.775830487,2.21E-05,0,38.56632185,1.803140146,-0.113642875,0,0,84.89371817,66.86135125,4.34E-05,6.04E-05,23885,684.51,234.53,5273.23,114.9215223,-399224.2517,194508.748,126
196,1.055023655,2.11E-05,6.78E-21,39.03560376,0.499642152,-0.161971041,0,0,96.25008567,66.74412806,6.36E-05,5.85E-05,30262.21,36.16,2872.11,17006.59,183.3112229,-398630.9677,176638.0995,0
197,0,2.23E-05,6.78E-21,39.66506076,0.326324274,-0.180862033,0,0,99.11902061,65.65134206,5.52E-05,6.70E-05,23621,192.4,3271.5,20925.61,2569.221397,-407607.5161,177430.2873,0
198,0.333145744,2.92E-05,6.78E-21,39.85454822,0.422104764,-0.193785289,0,0,96.27217951,69.19714726,5.15E-05,6.75E-05,84543,346.32,861.31,19323.37,206.7236883,-409730.0527,182072.0765,0
199,6.912325047,2.08E-05,2.37E-06,33.6702888,0.549397301,-0.181703012,0,0,100.0135705,68.88728757,3.11E-05,5.48E-05,85915.56,180.47,1518.79,37031.86,738.9918127,-425111.7435,173200.9725,0
200,0.416469714,3.93E-05,2.03E-20,37.44481301,0.446776754,-0.162273101,0,0,100.0013195,65.29551001,6.25E-05,6.09E-05,38773,212.63,596.36,4423.72,538.318245,-391952.6699,188088.0788,0
201,2.2904567,3.17E-05,0,39.42828131,0.934884462,-0.17204259,730,5.066767851,99.93331988,68.91498355,6.64E-05,7.00E-05,NA,88.76,2901.75,12686.12,357.7727581,-402567.1316,183967.5759,0
202,3.033191076,3.02E-05,0,39.68689156,0.668513454,-0.166699541,2139,14.84667211,94.34126569,62.80857219,5.61E-05,6.75E-05,33633,1361.26,3586.37,3888.8,242.1158278,-397443.3238,191461.7684,0
203,8.536864534,2.92E-05,6.78E-21,38.93695855,0.436319335,-0.149364899,0,0,81.59299143,61.20168412,5.15E-05,6.75E-05,84543,216.29,1449.74,19713.11,461.1863088,-409673.7671,181344.7653,0
204,0.020822256,3.17E-05,0,38.65562153,0.366109799,-0.18422873,1595,11.07049948,100.009296,61.45341845,6.02E-05,6.86E-05,36187,502.63,1650.45,12320.52,103.4768788,-403190.1826,185106.1176,0
205,0,2.44E-05,3.39E-21,40.97002864,0.700684154,-0.213586951,0,0,99.96246421,64.66118015,5.38E-05,6.46E-05,32262,116.15,1690.4,5255.7,292.2482358,-399185.4096,192217.5133,0
206,3.387230065,2.91E-05,0,38.46388674,0.418619319,-0.201919566,2022,14.03479343,95.83501129,61.94882855,7.20E-05,6.76E-05,48209,198.2,946.62,13411.58,212.2180668,-395723.9533,179511.6547,3
207,0.09022165,2.65E-05,0,36.1603303,0.523003674,-0.128886859,0,0,99.99334826,63.14127446,3.34E-05,5.66E-05,85722,203.41,1298.99,35604.6,266.5064813,-423632.9752,173551.4286,0
208,4.386663212,2.82E-05,0,39.83646274,0.706008472,-0.180397181,10,0.069409228,87.95537378,59.66417243,6.48E-05,5.78E-05,42456,663.78,1259.05,20409.89,125.7692896,-399524.5333,173346.4923,0
209,4.705505775,2.49E-05,0,38.82730985,0.902607794,-0.159870339,0,0,88.27334506,61.34508192,3.79E-05,6.84E-05,37567,361.5,519.29,26975.02,496.6349688,-418026.9459,181000.1906,0
210,0.013882035,3.95E-05,1.36E-20,38.40594697,0.505896545,-0.17558923,681,4.726832993,99.06914436,62.73985818,5.93E-05,6.20E-05,47581,1000.43,3460.07,1160.33,786.7554923,-395208.8805,193552.4413,0
211,0.749619659,3.02E-05,0,40.2317028,0.540038055,-0.211545991,1136,7.884888266,99.96316973,78.84888266,7.11E-05,6.76E-05,34861,222.87,4634.19,10558.77,121.8764205,-398607.3973,183738.5744,0
212,2.380685334,3.17E-05,6.78E-21,38.32053399,0.7068931,-0.190072481,328,2.27657373,100.0026656,79.44409425,6.36E-05,6.88E-05,38918,832.8,2116.1,11829.98,294.7230574,-402581.2778,185172.7562,0
213,0.478916652,2.10E-05,0,37.6957233,0.636686098,-0.210600626,0,0,100.0033496,75.30096754,6.74E-05,6.77E-05,29893,182.78,6105.36,14721.95,235.6506386,-401644.6805,180756.07,2
214,0,3.10E-05,0,40.14209294,0.875803965,-0.195200995,0,0,100.0142554,75.12348434,6.43E-05,6.47E-05,NA,120.36,1540.9,5624.3,97.12055137,-393733.2851,187041.0194,0
215,0.256818165,3.43E-05,2.03E-20,40.64170647,0.390231238,-0.225270294,0,0,100.0063818,76.33052333,6.33E-05,6.08E-05,39660,402.16,4246.47,2434.07,379.9793792,-395060.7557,191131.2354,0
216,0.055527167,2.21E-05,4.69E-09,37.8415091,0.50937526,-0.1777124,31,0.215167773,99.96278262,78.39047819,5.10E-05,6.29E-05,38684,644.99,1581.22,4422.25,517.6267288,-398481.648,193359.5044,0
217,0,3.17E-05,0,39.3082242,0.867287092,-0.204376994,0,0,100.0003012,75.62488074,5.50E-05,6.95E-05,76204,653.63,3303.4,18617.67,496.2265306,-407681.4526,180687.1585,0
218,0.256807668,3.17E-05,1.36E-20,36.62752557,0.099138475,-0.175267536,8,0.055525982,100.0022939,77.80578252,6.76E-05,6.63E-05,59971,85.43,5419.83,15828.58,586.9732443,-403689.7793,180816.1845,0
219,0,2.11E-05,6.78E-21,37.16498995,1.167654154,-0.182081419,0,0,99.98386321,79.54287208,5.74E-05,5.96E-05,36328,594.27,3052.11,18153.07,7.363545544,-399553.1074,175756.4187,0
220,0.458064275,2.75E-05,0,38.05200934,0.394731351,-0.217445444,0,0,97.50522729,78.30122957,3.80E-05,7.25E-05,66088,233.89,2633.71,26133.77,401.3315281,-415267.5433,178107.4599,0
221,3.678698506,2.46E-05,3.39E-21,38.82342315,1.075829984,-0.104385852,681,4.726780533,92.90448963,74.69146155,5.37E-05,6.66E-05,45953.4,84,2266.65,3215.15,269.3691889,-397274.5827,193373.4134,0
222,1.131280568,2.75E-05,0,37.88772273,0.712509351,-0.204780945,265,1.839198469,78.87038267,74.84496715,4.28E-05,7.23E-05,68640,694.28,2921.03,24973.99,36.4666387,-414999.8025,179769.1628,0
223,0.701026034,3.02E-05,0,34.52543569,0.123957851,-0.193431654,0,0,99.04595543,73.06634708,6.77E-05,6.93E-05,NA,467.79,4432.63,11256.88,0,-400501.0549,184146.4113,0
224,2.415200096,2.65E-05,0,35.89658499,0.682438978,-0.150317734,0,0,79.47951581,71.14429939,4.05E-05,6.42E-05,69796,108.48,2465.95,31160.63,426.6171958,-419918.2744,175991.0848,2
225,3.137267065,2.12E-05,1.02E-20,35.22078943,0.4703552,-0.098655346,766,5.316695956,87.87124126,70.25534787,6.42E-05,6.70E-05,25907,320.68,5750.1,14262.67,366.212629,-400687.2481,180671.5934,252
226,0.395633623,2.91E-05,0,36.68994927,0.411783,-0.202686134,1840,12.77133098,95.14641577,74.08760154,6.23E-05,6.64E-05,34688,229.4,4093.04,10677.2,27.50526828,-398160.3377,183337.9774,6
227,0.333145744,2.92E-05,6.78E-21,39.85454822,0.422104764,-0.193785289,0,0,96.27217951,69.19714726,5.15E-05,6.75E-05,84543,346.32,861.31,19323.37,206.7236883,-409730.0527,182072.0765,0
228,0.652435978,2.10E-05,6.78E-21,40.5202899,0.718820371,-0.164901082,1281,8.891175408,91.18139839,71.30292347,5.04E-05,5.73E-05,38617,386.17,1302.64,21919.43,300.2610323,-402689.3151,173023.7776,0
229,0.027762161,2.25E-05,0,41.26122141,0.770565137,-0.297320545,0,0,100.0201248,71.88317486,4.94E-05,5.61E-05,49983,220.98,726.22,24471.28,420.2260689,-410233.6672,175014.013,0
230,0.097161437,2.65E-05,6.78E-21,34.4697876,0.304590706,-0.189818289,10,0.069401026,93.62198449,70.58084375,3.26E-05,5.51E-05,86211,610.73,2388.1,35679.54,153.9026608,-424386.1371,174581.1873,0
231,4.074340128,3.02E-05,0,37.02402043,0.41682271,-0.209317437,903,6.267681662,96.36820842,73.9766901,6.43E-05,6.54E-05,37809,372.14,5166.15,6248.24,40.1591555,-397379.6037,188084.877,5
232,0,2.66E-05,1.02E-20,37.6645081,0.422442447,-0.232620473,0,0,99.99605753,86.62901097,3.67E-05,7.39E-05,52307,177.28,2773.84,28269.3,209.804309,-417059.5409,176941.8232,0
233,0.013881634,2.10E-05,0,39.40699029,0.616564348,-0.205674304,347,2.408463467,99.61460427,86.71162563,6.01E-05,5.86E-05,37915,93.14,2570.13,20493.11,40.00142822,-402323.373,174435.9278,0
234,1.068895259,2.24E-05,1.36E-06,42.3040626,1.655989942,-0.186069266,0,0,99.96947027,89.27357679,6.00E-05,5.89E-05,39102,1142.64,2724.64,19923.53,677.6069656,-400647.6779,174288.1157,0
235,0,2.21E-05,0,37.87245941,0.885323197,-0.198779774,0,0,100.0041737,86.04606753,4.35E-05,5.97E-05,23885,616.63,742.48,4887.69,255.6060351,-398896.954,194118.6232,0
236,1.853201596,3.02E-05,6.78E-21,37.75997543,0.595865624,-0.194849965,6,0.04164498,99.42044819,87.94725628,6.12E-05,6.93E-05,38907,477.77,3788.11,11366.03,26.54471705,-401078.3148,184438.1337,0
237,0,2.75E-05,0,38.22422934,0.818485811,-0.282129992,0,0,99.99670795,81.30631827,3.62E-05,7.30E-05,66088,186.61,2646.19,26394.12,314.863714,-415517.4952,178009.1913,0
238,2.380685334,3.17E-05,6.78E-21,38.32053399,0.7068931,-0.190072481,328,2.27657373,100.0026656,79.44409425,6.36E-05,6.88E-05,38918,832.8,2116.1,11829.98,294.7230574,-402581.2778,185172.7562,0
239,0.402571702,2.37E-05,0,40.09950542,0.347867974,-0.208460893,0,0,100.0182452,84.54699828,5.80E-05,5.80E-05,39102,1021.05,2679.34,19473.35,488.7710633,-400256.9749,174614.7705,0
240,0,2.91E-05,0,34.88720036,0.617042248,-0.215897415,274,1.901842626,90.23340928,84.37517871,7.04E-05,6.75E-05,46569.38,88.31,1153.91,11945.89,343.5015802,-395946.0189,181096.1861,0
241,0.152689963,2.75E-05,0,39.30831146,0.809250356,-0.232955722,0,0,96.47923515,84.73598892,4.59E-05,7.81E-05,52476,188.48,2498.47,22880.68,532.4961298,-412465.2872,179785.7501,0
242,0.027763442,3.02E-05,0,37.67332172,1.483057493,-0.189156659,0,0,99.04608054,81.82580543,6.19E-05,6.39E-05,47867,796.11,2012.66,6419.43,734.3160823,-399713.1782,190337.5849,0
243,0.728774955,2.10E-05,0,38.88229752,0.809894577,-0.201742178,0,0,82.72636843,82.72636843,6.23E-05,5.44E-05,23621,495.08,1124.13,21949.14,245.778491,-405217.1024,174450.5589,0
244,1.36044939,3.96E-05,0,36.86045027,0.62119196,-0.122163417,0,0,99.99997127,80.02357665,6.23E-05,6.34E-05,38802,296.11,3811.99,277.7,744.6468556,-393818.9448,194272.7556,0
245,0.423340677,2.25E-05,3.39E-21,31.85077322,0.874809761,-0.174235621,0,0,93.99551037,80.25428839,2.75E-05,5.58E-05,70925,217.88,488.32,38800.03,859.3248011,-427692.167,174031.6284,0
246,0,2.11E-05,6.78E-21,37.16498995,1.167654154,-0.182081419,0,0,99.98386321,79.54287208,5.74E-05,5.96E-05,36328,594.27,3052.11,18153.07,7.363545544,-399553.1074,175756.4187,0
247,2.137833465,2.91E-05,0,35.51440334,0.523604673,-0.232538012,1081,7.503240182,97.79894003,86.14497123,7.23E-05,6.69E-05,39946,297.49,1421.18,12606.46,257.5363231,-396357.7366,180530.5627,0
248,0,3.17E-05,0,39.20537972,0.742371977,-0.180887093,0,0,99.59786556,82.46842081,5.50E-05,6.95E-05,76204,393.47,3561.4,18547.91,734.8954367,-407452.6512,180546.5585,0
249,2.137751625,2.23E-05,6.78E-21,38.73253083,1.207911658,-0.184467617,526,3.650835567,97.69802556,82.31731906,6.54E-05,6.55E-05,59971,672.23,6268.74,16585.34,867.0936889,-403654.5177,179849.9969,0
